# Report Generated: 30/09/2026 15:59:03,,,,,,,,,,,,,,,,,,,,,,,,,,,,,,,,,,,,,,,,,,,,,,,,,,,,,,,,,,,,,,,,,,,,,,,,,,,,,,,,,,,,,,,,,,,,,,,,,,,,,,,,,,,,,,,,,,,,,,,,,,,,,,,,,,,,,,,,,,,,,,,,,,,,,,,,,,,,,,,,,,,,,,,,,,,,,,,,,,,,,,,,,,,,,,,,,,,,,,
# Date Range: 02/07/2026 to 30/09/2026,,,,,,,,,,,,,,,,,,,,,,,,,,,,,,,,,,,,,,,,,,,,,,,,,,,,,,,,,,,,,,,,,,,,,,,,,,,,,,,,,,,,,,,,,,,,,,,,,,,,,,,,,,,,,,,,,,,,,,,,,,,,,,,,,,,,,,,,,,,,,,,,,,,,,,,,,,,,,,,,,,,,,,,,,,,,,,,,,,,,,,,,,,,,,,,,,,,,,,
# Report Format: summary,,,,,,,,,,,,,,,,,,,,,,,,,,,,,,,,,,,,,,,,,,,,,,,,,,,,,,,,,,,,,,,,,,,,,,,,,,,,,,,,,,,,,,,,,,,,,,,,,,,,,,,,,,,,,,,,,,,,,,,,,,,,,,,,,,,,,,,,,,,,,,,,,,,,,,,,,,,,,,,,,,,,,,,,,,,,,,,,,,,,,,,,,,,,,,,,,,,,,,
# Payment source: DB (39 rows),,,,,,,,,,,,,,,,,,,,,,,,,,,,,,,,,,,,,,,,,,,,,,,,,,,,,,,,,,,,,,,,,,,,,,,,,,,,,,,,,,,,,,,,,,,,,,,,,,,,,,,,,,,,,,,,,,,,,,,,,,,,,,,,,,,,,,,,,,,,,,,,,,,,,,,,,,,,,,,,,,,,,,,,,,,,,,,,,,,,,,,,,,,,,,,,,,,,,,
# Total Records: 31,,,,,,,,,,,,,,,,,,,,,,,,,,,,,,,,,,,,,,,,,,,,,,,,,,,,,,,,,,,,,,,,,,,,,,,,,,,,,,,,,,,,,,,,,,,,,,,,,,,,,,,,,,,,,,,,,,,,,,,,,,,,,,,,,,,,,,,,,,,,,,,,,,,,,,,,,,,,,,,,,,,,,,,,,,,,,,,,,,,,,,,,,,,,,,,,,,,,,,
##################################################,,,,,,,,,,,,,,,,,,,,,,,,,,,,,,,,,,,,,,,,,,,,,,,,,,,,,,,,,,,,,,,,,,,,,,,,,,,,,,,,,,,,,,,,,,,,,,,,,,,,,,,,,,,,,,,,,,,,,,,,,,,,,,,,,,,,,,,,,,,,,,,,,,,,,,,,,,,,,,,,,,,,,,,,,,,,,,,,,,,,,,,,,,,,,,,,,,,,,,
,,,,,,,,,,,,,,,,,,,,,,,,,,,,,,,,,,,,,,,,,,,,,,,,,,,,,,,,,,,,,,,,,,,,,,,,,,,,,,,,,,,,,,,,,,,,,,,,,,,,,,,,,,,,,,,,,,,,,,,,,,,,,,,,,,,,,,,,,,,,,,,,,,,,,,,,,,,,,,,,,,,,,,,,,,,,,,,,,,,,,,,,,,,,,,,,,,,,,,
ID,First Name,Last Name,Passport Name,Gender,Date of Birth,Traveler Status,Registration Date,Batch ID,Batch Name,Passport Number,Passport Issue Date,Passport Expiry Date,Passport Status,Place of Birth,Place of Issue,Mobile Number,Email,Aadhaar Number,PAN Number,Aadhaar-PAN Linked,Passport Address,Mailing Address,PIN,Father's Name,Mother's Name,Spouse's Name,Expected Return Date,File Reference,Wheelchair Required,Emergency Contact,Emergency Phone,Vaccine Status,Medical Notes,Photo,Passport Scan,Aadhaar Scan,PAN Scan,Vaccine Certificate,Batch ID,Batch Name,Tour Type,Year,Departure Date,Return Date,Total Seats,Available Seats,Price per Seat,Batch Status,Description,Payment 1 Payment ID / Receipt No,Payment 1 Traveler ID,Payment 1 Batch ID,Payment 1 Payment Amount (without GST/TCS),Payment 1 Payment Date,Payment 1 Payment Method,Payment 1 Payment Status,Payment 1 Transaction ID,Payment 1 Invoice ID,Payment 1 Payment Notes,Payment 1 Passport Name,Payment 1 Passport Number,Payment 1 Mobile Number,Payment 1 Invoice Base Amount,Payment 1 Invoice Discount %,Payment 1 Invoice Discount Amount,Payment 1 Invoice Taxable Value,Payment 1 GST Amount (from invoice),Payment 1 TCS Amount (from invoice),Payment 1 Invoice Total (with GST/TCS),Payment 1 Payment — Without GST/TCS,Payment 1 Payment — With GST/TCS,Payment 1 Total — With GST/TCS,Payment 2 Payment ID / Receipt No,Payment 2 Traveler ID,Payment 2 Batch ID,Payment 2 Payment Amount (without GST/TCS),Payment 2 Payment Date,Payment 2 Payment Method,Payment 2 Payment Status,Payment 2 Transaction ID,Payment 2 Invoice ID,Payment 2 Payment Notes,Payment 2 Passport Name,Payment 2 Passport Number,Payment 2 Mobile Number,Payment 2 Invoice Base Amount,Payment 2 Invoice Discount %,Payment 2 Invoice Discount Amount,Payment 2 Invoice Taxable Value,Payment 2 GST Amount (from invoice),Payment 2 TCS Amount (from invoice),Payment 2 Invoice Total (with GST/TCS),Payment 2 Payment — Without GST/TCS,Payment 2 Payment — With GST/TCS,Payment 2 Total — With GST/TCS,Payment 3 Payment ID / Receipt No,Payment 3 Traveler ID,Payment 3 Batch ID,Payment 3 Payment Amount (without GST/TCS),Payment 3 Payment Date,Payment 3 Payment Method,Payment 3 Payment Status,Payment 3 Transaction ID,Payment 3 Invoice ID,Payment 3 Payment Notes,Payment 3 Passport Name,Payment 3 Passport Number,Payment 3 Mobile Number,Payment 3 Invoice Base Amount,Payment 3 Invoice Discount %,Payment 3 Invoice Discount Amount,Payment 3 Invoice Taxable Value,Payment 3 GST Amount (from invoice),Payment 3 TCS Amount (from invoice),Payment 3 Invoice Total (with GST/TCS),Payment 3 Payment — Without GST/TCS,Payment 3 Payment — With GST/TCS,Payment 3 Total — With GST/TCS,Payment 4 Payment ID / Receipt No,Payment 4 Traveler ID,Payment 4 Batch ID,Payment 4 Payment Amount (without GST/TCS),Payment 4 Payment Date,Payment 4 Payment Method,Payment 4 Payment Status,Payment 4 Transaction ID,Payment 4 Invoice ID,Payment 4 Payment Notes,Payment 4 Passport Name,Payment 4 Passport Number,Payment 4 Mobile Number,Payment 4 Invoice Base Amount,Payment 4 Invoice Discount %,Payment 4 Invoice Discount Amount,Payment 4 Invoice Taxable Value,Payment 4 GST Amount (from invoice),Payment 4 TCS Amount (from invoice),Payment 4 Invoice Total (with GST/TCS),Payment 4 Payment — Without GST/TCS,Payment 4 Payment — With GST/TCS,Payment 4 Total — With GST/TCS,Payment 1 Amount,Payment 1 Date,Payment 1 Method,Payment 1 Receipt No,Payment 1 Txn ID,Payment 1 Status,Payment 1 GST,Payment 1 TCS,Payment 1 Total (with tax),Payment 2 Amount,Payment 2 Date,Payment 2 Method,Payment 2 Receipt No,Payment 2 Txn ID,Payment 2 Status,Payment 2 GST,Payment 2 TCS,Payment 2 Total (with tax),Payment 3 Amount,Payment 3 Date,Payment 3 Method,Payment 3 Receipt No,Payment 3 Txn ID,Payment 3 Status,Payment 3 GST,Payment 3 TCS,Payment 3 Total (with tax),Payment 4 Amount,Payment 4 Date,Payment 4 Method,Payment 4 Receipt No,Payment 4 Txn ID,Payment 4 Status,Payment 4 GST,Payment 4 TCS,Payment 4 Total (with tax),Total Paid,Payment Count,Additional Payments,Additional Total,Total Base,Total Discount,Total Taxable,Total GST,Total TCS,Total — With GST/TCS,Pending — With GST/TCS,Payment — Without GST/TCS,Outstanding Balance,Invoice Status,Invoice is Paid?,Invoice Base (paid),Invoice Discount (paid),Invoice Taxable (paid),Invoice GST (paid),Invoice TCS (paid),Invoice Total (paid)
HAJ/TRV/2027/002,MEERA SAHIB,RIYAS,MEERA SAHIB RIYAS,Male,01/07/1981,Active,14/08/2026,HAJ/BCH/2027/001,GOLDEN PACKAGE,W5844883,14/10/2022,14/10/2032,Active,UDANKUDI,CHENNAI,9884033192,anas02042009@gmail.com,2183 5177 2754,ALGPR9758M,Yes,"21/6, P M DHARGA 6TH STREET, TRIPLICANE, CHENNAI - 600005","21/6, P M DHARGA 6TH STREET, TRIPLICANE, CHENNAI - 600005",0,MEERA SAHIB,RAGUMATH NISHA,FATHIMA HAJAR,21/05/2027,H/GL10148/27,No,FATHIMA HAJAR,9841186164,Not Vaccinated,REF: FAIZER BAI,Yes,documents\HAJ_TRV_2027_002\passports\HAJ_TRV_2027_002_passport_scan_20260910_133456.pdf,,,,HAJ/BCH/2027/001,GOLDEN PACKAGE,Haj,2027,20/04/2027,23/05/2027,100,89,"₹8,30,999.00",Open,,HAJ/PAY/2027/002,HAJ/TRV/2027/002,HAJ/BCH/2027/001,"₹2,00,000.00",08/07/2026,Bank Transfer,pending,TMBL0000450,,HAJ2027_ADVANCE,MEERA SAHIB RIYAS,W5844883,9884033192,"₹2,00,000.00",2.2%,"₹4,494.35","₹1,95,505.65","₹9,775.28","₹4,105.62","₹2,09,386.55","₹2,00,000.00","₹2,09,386.55","₹2,09,386.55",HAJ/PAY/2027/040,HAJ/TRV/2027/002,HAJ/BCH/2027/001,"₹2,00,000.00",03/09/2026,Bank Transfer,pending,624606506707,,H/GL10148/27,MEERA SAHIB RIYAS,W5844883,9884033192,"₹2,00,000.00",2.2%,"₹4,494.35","₹1,95,505.65","₹9,775.28","₹4,105.62","₹2,09,386.55","₹2,00,000.00","₹2,09,386.55","₹2,09,386.55",HAJ/PAY/2027/041,HAJ/TRV/2027/002,HAJ/BCH/2027/001,"₹2,00,000.00",05/09/2026,Bank Transfer,pending,MBLH262448008010,,H/GL10148/27,MEERA SAHIB RIYAS,W5844883,9884033192,"₹2,00,000.00",2.2%,"₹4,494.35","₹1,95,505.65","₹9,775.28","₹4,105.62","₹2,09,386.55","₹2,00,000.00","₹2,09,386.55","₹2,09,386.55",HAJ/PAY/2027/042,HAJ/TRV/2027/002,HAJ/BCH/2027/001,"₹2,30,999.00",05/09/2026,Bank Transfer,completed,624812472444,,H/GL10148/27,MEERA SAHIB RIYAS,W5844883,9884033192,"₹2,30,999.00",2.2%,"₹5,190.95","₹2,25,808.05","₹11,290.40","₹4,741.97","₹2,41,840.42","₹2,30,999.00","₹2,41,840.42","₹2,41,840.42","₹2,00,000.00",08/07/2026,Bank Transfer,HAJ/PAY/2027/002,TMBL0000450,pending,"₹9,775.28","₹4,105.62","₹2,09,386.55","₹2,00,000.00",03/09/2026,Bank Transfer,HAJ/PAY/2027/040,624606506707,pending,"₹9,775.28","₹4,105.62","₹2,09,386.55","₹2,00,000.00",05/09/2026,Bank Transfer,HAJ/PAY/2027/041,MBLH262448008010,pending,"₹9,775.28","₹4,105.62","₹2,09,386.55","₹2,30,999.00",05/09/2026,Bank Transfer,HAJ/PAY/2027/042,624812472444,completed,"₹11,290.40","₹4,741.97","₹2,41,840.42","₹8,30,999.00",4,0,₹0.00,"₹8,30,999.00","₹18,674.00","₹8,12,325.00","₹40,616.25","₹17,058.83","₹8,70,000.07",₹0.00,"₹8,30,999.00",₹0.00,paid,✅ Yes,"₹8,30,999.00","₹18,674.00","₹8,12,325.00","₹40,616.25","₹17,058.83","₹8,70,000.07"
HAJ/TRV/2027/004,ANVAR BASHA,ARSHIYA,ANVAR BASHA ARSHIYA,Female,30/12/1990,Active,14/08/2026,HAJ/BCH/2027/001,GOLDEN PACKAGE,AG291744,26/08/2025,31/08/2035,Active,NEYVELI,CHENNAI,9488475594,arshiyaanwar10@gmail.com,3675 5752 2813,BBUPA2261F,Yes,"12 A, B MANIYARI STREET, TIRUVANNAMALAI - 606601","12 A, B MANIYARI STREET, TIRUVANNAMALAI - 606601",0,ANVAR BASHA,AYESHA,,21/05/2027,H/GL10348/27,Yes,AYESHA,9486986168,Not Vaccinated,NEYVELI BAI,Yes,,,,,HAJ/BCH/2027/001,GOLDEN PACKAGE,Haj,2027,20/04/2027,23/05/2027,100,89,"₹8,30,999.00",Open,,HAJ/PAY/2027/004,HAJ/TRV/2027/004,HAJ/BCH/2027/001,"₹2,00,000.00",15/07/2026,Bank Transfer,pending,IDIBH19650251331,,Haj Advance,ANVAR BASHA ARSHIYA,AG291744,9488475594,₹0.00,0.0%,₹0.00,₹0.00,₹0.00,₹0.00,₹0.00,"₹2,00,000.00",₹0.00,₹0.00,,,,,,,,,,,,,,,,,,,,,,,,,,,,,,,,,,,,,,,,,,,,,,,,,,,,,,,,,,,,,,,,,,,,,,"₹2,00,000.00",15/07/2026,Bank Transfer,HAJ/PAY/2027/004,IDIBH19650251331,pending,₹0.00,₹0.00,₹0.00,,,,,,,,,,,,,,,,,,,,,,,,,,,,"₹2,00,000.00",1,0,₹0.00,₹0.00,₹0.00,₹0.00,₹0.00,₹0.00,₹0.00,₹0.00,"₹2,00,000.00",₹0.00,—,—,—,—,—,—,—,—
HAJ/TRV/2027/006,THAJUDEEN,NAZIBUDEEN,THAJUDEEN NAZIBUDEEN,Male,09/01/1963,Active,14/08/2026,HAJ/BCH/2027/001,GOLDEN PACKAGE,AA816401,24/04/2025,23/04/2035,Active,PUNGANUR,CHENNAI,8877997289,nazibudeen@gmail.com,6392 1605 8375,ACFPN3820J,Yes,"ONO.42, NNO. 103 4TH MAIN ROAD, GANDHI NAGAR, ADYAR, CHENNAI - 600020","ONO.42, NNO. 103 4TH MAIN ROAD, GANDHI NAGAR, ADYAR, CHENNAI - 600020",0,THAJUDEEN,HUMAIRA,NOORUL FARZANA,21/05/2027,H/GL10448/27,Yes,HAFIJUTHEEN . N,7092526565,Not Vaccinated,REF . DXB IQBAL,Yes,documents\HAJ_TRV_2027_006\passports\HAJ_TRV_2027_006_passport_scan_20260911_143256.pdf,documents\HAJ_TRV_2027_006\aadhaar\HAJ_TRV_2027_006_aadhaar_scan_20260911_141443.jpeg,documents\HAJ_TRV_2027_006\pan\HAJ_TRV_2027_006_pan_scan_20260910_134202.jpeg,,HAJ/BCH/2027/001,GOLDEN PACKAGE,Haj,2027,20/04/2027,23/05/2027,100,89,"₹8,30,999.00",Open,,HAJ/PAY/2027/016,HAJ/TRV/2027/006,HAJ/BCH/2027/001,"₹25,000.00",04/08/2026,Bank Transfer,pending,621552275603,,H/GL10448/27,THAJUDEEN NAZIBUDEEN,AA816401,8877997289,₹0.00,0.0%,₹0.00,₹0.00,₹0.00,₹0.00,₹0.00,"₹25,000.00",₹0.00,₹0.00,,,,,,,,,,,,,,,,,,,,,,,,,,,,,,,,,,,,,,,,,,,,,,,,,,,,,,,,,,,,,,,,,,,,,,"₹25,000.00",04/08/2026,Bank Transfer,HAJ/PAY/2027/016,621552275603,pending,₹0.00,₹0.00,₹0.00,,,,,,,,,,,,,,,,,,,,,,,,,,,,"₹25,000.00",1,0,₹0.00,₹0.00,₹0.00,₹0.00,₹0.00,₹0.00,₹0.00,₹0.00,"₹25,000.00",₹0.00,—,—,—,—,—,—,—,—
HAJ/TRV/2027/007,NAZIBUDEEN,NOORUL FARZANA,NAZIBUDEEN NOORUL FARZANA,Female,15/04/1975,Active,18/08/2026,HAJ/BCH/2027/001,GOLDEN PACKAGE,V1291689,30/06/2021,30/06/2031,Active,PUNGANOOR,CHENNAI,8877997289,nazibudeen@gmail.com,4785 9958 9617,BFFPN2109J,Yes,"42/103, 4TH MAIN ROAD, GANDHI NAGAR, ADYAR, CHENNAI -600020","42/103, 4TH MAIN ROAD, GANDHI NAGAR, ADYAR, CHENNAI -600020",0,ABDUL FATTAH,NASEERA SULTANA,NAZIBUDEEN THAJUDEEN,21/05/2027,H/GL10548/27,Yes,HAFIJUTHEEN,7092526565,Not Vaccinated,,Yes,documents\HAJ_TRV_2027_007\passports\HAJ_TRV_2027_007_passport_scan_20260911_143336.pdf,documents\HAJ_TRV_2027_007\aadhaar\HAJ_TRV_2027_007_aadhaar_scan_20260911_141619.jpeg,documents\HAJ_TRV_2027_007\pan\HAJ_TRV_2027_007_pan_scan_20260910_134300.jpeg,,HAJ/BCH/2027/001,GOLDEN PACKAGE,Haj,2027,20/04/2027,23/05/2027,100,89,"₹8,30,999.00",Open,,HAJ/PAY/2027/017,HAJ/TRV/2027/007,HAJ/BCH/2027/001,"₹25,000.00",04/08/2026,Bank Transfer,pending,127314417998,,H/GL10548/27,NAZIBUDEEN NOORUL FARZANA,V1291689,8877997289,₹0.00,0.0%,₹0.00,₹0.00,₹0.00,₹0.00,₹0.00,"₹25,000.00",₹0.00,₹0.00,,,,,,,,,,,,,,,,,,,,,,,,,,,,,,,,,,,,,,,,,,,,,,,,,,,,,,,,,,,,,,,,,,,,,,"₹25,000.00",04/08/2026,Bank Transfer,HAJ/PAY/2027/017,127314417998,pending,₹0.00,₹0.00,₹0.00,,,,,,,,,,,,,,,,,,,,,,,,,,,,"₹25,000.00",1,0,₹0.00,₹0.00,₹0.00,₹0.00,₹0.00,₹0.00,₹0.00,₹0.00,"₹25,000.00",₹0.00,—,—,—,—,—,—,—,—
HAJ/TRV/2027/008,KAMALDEEN,RASHEED,KAMALDEEN RASHEED,Male,12/02/1975,Active,18/08/2026,HAJ/BCH/2027/001,GOLDEN PACKAGE,AD505422,16/06/2025,15/06/2035,Active,POOVAI NAGAR,CHENNAI,9841320342,rashrasheed64@gmail.com,9029 6376 7352,ALLPK5459M,Yes,"OLDNO.282, NNO.625, CLV NAGAR, 3RD SREET,KANATHUR, CHENNAI-603112","OLDNO.282, NNO.625, CLV NAGAR, 3RD SREET,KANATHUR, CHENNAI-603112",0,KAMAL DEEN,AMEENA BEVE,BEEMA PARVEEN,21/05/2027,H/GL10648/27,No,MOHAMED YASIR,9940614414,Booster,,Yes,documents\HAJ_TRV_2027_008\passports\HAJ_TRV_2027_008_passport_scan_20260910_134104.pdf,,,,HAJ/BCH/2027/001,GOLDEN PACKAGE,Haj,2027,20/04/2027,23/05/2027,100,89,"₹8,30,999.00",Open,,HAJ/PAY/2027/018,HAJ/TRV/2027/008,HAJ/BCH/2027/001,"₹4,00,000.00",08/08/2026,Bank Transfer,pending,0808i29999180581,,H/GL10648/27,KAMALDEEN RASHEED,AD505422,9841320342,₹0.00,0.0%,₹0.00,₹0.00,₹0.00,₹0.00,₹0.00,"₹4,00,000.00",₹0.00,₹0.00,,,,,,,,,,,,,,,,,,,,,,,,,,,,,,,,,,,,,,,,,,,,,,,,,,,,,,,,,,,,,,,,,,,,,,"₹4,00,000.00",08/08/2026,Bank Transfer,HAJ/PAY/2027/018,0808i29999180581,pending,₹0.00,₹0.00,₹0.00,,,,,,,,,,,,,,,,,,,,,,,,,,,,"₹4,00,000.00",1,0,₹0.00,₹0.00,₹0.00,₹0.00,₹0.00,₹0.00,₹0.00,₹0.00,"₹4,00,000.00",₹0.00,—,—,—,—,—,—,—,—
HAJ/TRV/2027/009,RASHEED,BEEMA PARVEEN,RASHEED BEEMA PARVEEN,Female,25/01/1979,Active,18/08/2026,HAJ/BCH/2027/001,GOLDEN PACKAGE,AD505429,16/06/2025,15/06/2035,Active,COIMBATORE,CHENNAI,9444813342,parveenrasheed25@gmail.com,5616 6909 0223,,No,"OLDNO.282, NNO 625, CLV NAGAR, 3RD STREET, KANATHUR, CHENNAI -603112","OLDNO.282, NNO 625, CLV NAGAR, 3RD STREET, KANATHUR, CHENNAI -603112",0,MOHAMED HUSSAIN,TAJUNNISA,RASHEED,21/05/2027,H/GL10748/27,No,MOHAMMED YASIR,9940614414,Not Vaccinated,,Yes,documents\HAJ_TRV_2027_009\passports\HAJ_TRV_2027_009_passport_scan_20260910_134451.pdf,,,,HAJ/BCH/2027/001,GOLDEN PACKAGE,Haj,2027,20/04/2027,23/05/2027,100,89,"₹8,30,999.00",Open,,HAJ/PAY/2027/038,HAJ/TRV/2027/009,HAJ/BCH/2027/001,"₹5,00,000.00",30/08/2026,Bank Transfer,pending,CNRBR52026083095305797,,H/GL10748/27,RASHEED BEEMA PARVEEN,AD505429,9444813342,₹0.00,0.0%,₹0.00,₹0.00,₹0.00,₹0.00,₹0.00,"₹5,00,000.00",₹0.00,₹0.00,HAJ/PAY/2027/039,HAJ/TRV/2027/009,HAJ/BCH/2027/001,"₹3,30,999.00",31/08/2026,Bank Transfer,completed,CNRBR52026083195447773,,Balance 370000 including tax received,RASHEED BEEMA PARVEEN,AD505429,9444813342,₹0.00,0.0%,₹0.00,₹0.00,₹0.00,₹0.00,₹0.00,"₹3,30,999.00",₹0.00,₹0.00,,,,,,,,,,,,,,,,,,,,,,,,,,,,,,,,,,,,,,,,,,,,,,,"₹5,00,000.00",30/08/2026,Bank Transfer,HAJ/PAY/2027/038,CNRBR52026083095305797,pending,₹0.00,₹0.00,₹0.00,"₹3,30,999.00",31/08/2026,Bank Transfer,HAJ/PAY/2027/039,CNRBR52026083195447773,completed,₹0.00,₹0.00,₹0.00,,,,,,,,,,,,,,,,,,,"₹8,30,999.00",2,0,₹0.00,₹0.00,₹0.00,₹0.00,₹0.00,₹0.00,₹0.00,₹0.00,"₹8,30,999.00",₹0.00,—,—,—,—,—,—,—,—
HAJ/TRV/2027/010,SHAIK ABDUL KADER,HAMEED ABDUL KADER,SHAIK ABDUL KADER HAMEED ABDUL KADER,Male,26/03/1976,Active,18/08/2026,HAJ/BCH/2027/001,GOLDEN PACKAGE,Z6240918,22/09/2021,21/09/2031,Active,PARANGIPETTAI,CHENNAI,9003064786,hameed@kalima.in,2823 6664 4888,AAZPH3007M,Yes,"U-1004, THE METROZONE, 44, PILLAIYAR KOIL STREET, J.N. SALAI, ANNA NAGAR WEST, CHENNAI -600040","U-1004, THE METROZONE, 44, PILLAIYAR KOIL STREET, J.N. SALAI, ANNA NAGAR WEST, CHENNAI -600040",0,SHAIK ABDUL KADER,FATHIMA BEEVI,SHAKAR BANU,21/05/2027,H/GL10848/27,No,Abdur rahman,9176144274,Not Vaccinated,,Yes,documents\HAJ_TRV_2027_010\passports\HAJ_TRV_2027_010_passport_scan_20260910_134906.pdf,,,,HAJ/BCH/2027/001,GOLDEN PACKAGE,Haj,2027,20/04/2027,23/05/2027,100,89,"₹8,30,999.00",Open,,HAJ/PAY/2027/020,HAJ/TRV/2027/010,HAJ/BCH/2027/001,"₹2,00,000.00",11/08/2026,Bank Transfer,pending,KVBLH00267979634,,H/GL10848/27,SHAIK ABDUL KADER HAMEED ABDUL KADER,Z6240918,9003064786,₹0.00,0.0%,₹0.00,₹0.00,₹0.00,₹0.00,₹0.00,"₹2,00,000.00",₹0.00,₹0.00,,,,,,,,,,,,,,,,,,,,,,,,,,,,,,,,,,,,,,,,,,,,,,,,,,,,,,,,,,,,,,,,,,,,,,"₹2,00,000.00",11/08/2026,Bank Transfer,HAJ/PAY/2027/020,KVBLH00267979634,pending,₹0.00,₹0.00,₹0.00,,,,,,,,,,,,,,,,,,,,,,,,,,,,"₹2,00,000.00",1,0,₹0.00,₹0.00,₹0.00,₹0.00,₹0.00,₹0.00,₹0.00,₹0.00,"₹2,00,000.00",₹0.00,—,—,—,—,—,—,—,—
HAJ/TRV/2027/011,HAMEED ABDUL KADER,SHAHAR BANU,HAMEED ABDUL KADER SHAHAR BANU,Female,23/03/1980,Active,18/08/2026,HAJ/BCH/2027/001,GOLDEN PACKAGE,V6770428,08/02/2022,08/02/2032,Active,PARANGIPETTAI,CHENNAI,9003064786,,3570 8612 2117,ANLPB3417E,Yes,"U-1004, THE METROZONE, 44, PILLAIYAR KOIL STREER, J.N. SALAI, ANNA NAGAR WEST, CHENNAI - 600040","U-1004, THE METROZONE, 44, PILLAIYAR KOIL STREER, J.N. SALAI, ANNA NAGAR WEST, CHENNAI - 600040",0,KADER ALI,UMMA SALMA,HAMEED ABDUL KADER,21/05/2027,H/GL10948/27,No,Abdur rahman,9176144274,Not Vaccinated,,Yes,documents\HAJ_TRV_2027_011\passports\HAJ_TRV_2027_011_passport_scan_20260910_135552.pdf,,,,HAJ/BCH/2027/001,GOLDEN PACKAGE,Haj,2027,20/04/2027,23/05/2027,100,89,"₹8,30,999.00",Open,,HAJ/PAY/2027/021,HAJ/TRV/2027/011,HAJ/BCH/2027/001,"₹2,00,000.00",11/08/2026,Bank Transfer,pending,KVBLH00267979634,,H/GL10948/27,HAMEED ABDUL KADER SHAHAR BANU,V6770428,9003064786,₹0.00,0.0%,₹0.00,₹0.00,₹0.00,₹0.00,₹0.00,"₹2,00,000.00",₹0.00,₹0.00,,,,,,,,,,,,,,,,,,,,,,,,,,,,,,,,,,,,,,,,,,,,,,,,,,,,,,,,,,,,,,,,,,,,,,"₹2,00,000.00",11/08/2026,Bank Transfer,HAJ/PAY/2027/021,KVBLH00267979634,pending,₹0.00,₹0.00,₹0.00,,,,,,,,,,,,,,,,,,,,,,,,,,,,"₹2,00,000.00",1,0,₹0.00,₹0.00,₹0.00,₹0.00,₹0.00,₹0.00,₹0.00,₹0.00,"₹2,00,000.00",₹0.00,—,—,—,—,—,—,—,—
HAJ/TRV/2027/012,MOHAMED RAFEEK,SYED ABUTHAHIR,MOHAMED RAFEEK SYED ABUTHAHIR,Male,28/11/1985,Active,18/08/2026,HAJ/BCH/2027/002,GOLDEN SHORT,Y7187613,08/08/2023,07/08/2033,Active,THONDI,MADURAI,+66 95 790 7101,abuthahir2785@gmail.com,7891 8218 2181,EJNPA4169N,Yes,"7/1, MOHAMED ABDUL KADER STREET, THONDI, THIRUVADANAI TK, RAMANATHAPURAM - 623409","7/1, MOHAMED ABDUL KADER STREET, THONDI, THIRUVADANAI TK, RAMANATHAPURAM - 623409",0,MOHAMED RAFEEK,SITHI MASOODHA,,26/05/2027,H/GS20148/27,No,SITHI MASOODHA,8015441071,Not Vaccinated,,Yes,documents\HAJ_TRV_2027_012\passports\HAJ_TRV_2027_012_passport_scan_20260911_142026.pdf,documents\HAJ_TRV_2027_012\aadhaar\HAJ_TRV_2027_012_aadhaar_scan_20260911_143532.jpeg,documents\HAJ_TRV_2027_012\pan\HAJ_TRV_2027_012_pan_scan_20260911_142100.jpeg,,HAJ/BCH/2027/002,GOLDEN SHORT,Haj,2027,07/05/2027,26/05/2027,100,89,"₹8,49,673.00",Open,GOLDEN SHORT TERM,HAJ/PAY/2027/005,HAJ/TRV/2027/012,HAJ/BCH/2027/002,"₹75,000.00",16/07/2026,Bank Transfer,pending,CNRBH00147275896,,Haj Advance,MOHAMED RAFEEK SYED ABUTHAHIR,Y7187613,+66 95 790 7101,₹0.00,0.0%,₹0.00,₹0.00,₹0.00,₹0.00,₹0.00,"₹75,000.00",₹0.00,₹0.00,HAJ/PAY/2027/006,HAJ/TRV/2027/012,HAJ/BCH/2027/002,"₹1,25,000.00",16/07/2026,Bank Transfer,pending,CNRBH00147295354,,Haj Advance,MOHAMED RAFEEK SYED ABUTHAHIR,Y7187613,+66 95 790 7101,₹0.00,0.0%,₹0.00,₹0.00,₹0.00,₹0.00,₹0.00,"₹1,25,000.00",₹0.00,₹0.00,,,,,,,,,,,,,,,,,,,,,,,,,,,,,,,,,,,,,,,,,,,,,,,"₹75,000.00",16/07/2026,Bank Transfer,HAJ/PAY/2027/005,CNRBH00147275896,pending,₹0.00,₹0.00,₹0.00,"₹1,25,000.00",16/07/2026,Bank Transfer,HAJ/PAY/2027/006,CNRBH00147295354,pending,₹0.00,₹0.00,₹0.00,,,,,,,,,,,,,,,,,,,"₹2,00,000.00",2,0,₹0.00,₹0.00,₹0.00,₹0.00,₹0.00,₹0.00,₹0.00,₹0.00,"₹2,00,000.00",₹0.00,—,—,—,—,—,—,—,—
HAJ/TRV/2027/014,SUHAIL,AHMED KABEER,SUHAIL AHMED KABEER,Male,03/07/1985,Active,18/08/2026,HAJ/BCH/2027/002,GOLDEN SHORT,Z5299337,27/02/2019,26/02/2029,Active,CHENNAI,SINGAPORE,+65 8590 0849,ssuhaill@gmail.com,2886 4958 9222,AVMPS5500N,Yes,"1/13, AVENUE ROAD, NUNGAMBAKKAM, CHENNAI -600034","1/13, AVENUE ROAD, NUNGAMBAKKAM, CHENNAI -600034",0,NOORUL AMEEN,NISVATHUL JENNA,MARIAM SHIRAFIA,26/05/2027,H/GS20248/27,No,NOORUL AMEEN,9176199572,Not Vaccinated,,Yes,documents\HAJ_TRV_2027_014\passports\HAJ_TRV_2027_014_passport_scan_20260911_142150.pdf,documents\HAJ_TRV_2027_014\aadhaar\HAJ_TRV_2027_014_aadhaar_scan_20260911_143014.pdf,documents\HAJ_TRV_2027_014\pan\HAJ_TRV_2027_014_pan_scan_20260911_142241.jpeg,,HAJ/BCH/2027/002,GOLDEN SHORT,Haj,2027,07/05/2027,26/05/2027,100,89,"₹8,49,673.00",Open,GOLDEN SHORT TERM,HAJ/PAY/2027/031,HAJ/TRV/2027/014,HAJ/BCH/2027/002,₹100.00,18/08/2026,Bank Transfer,pending,623020631327,,H/GS20248/27,SUHAIL AHMED KABEER,Z5299337,+65 8590 0849,₹0.00,0.0%,₹0.00,₹0.00,₹0.00,₹0.00,₹0.00,₹100.00,₹0.00,₹0.00,HAJ/PAY/2027/032,HAJ/TRV/2027/014,HAJ/BCH/2027/002,"₹1,99,900.00",18/08/2026,Bank Transfer,pending,623104638620,,H/GS20248/27,SUHAIL AHMED KABEER,Z5299337,+65 8590 0849,₹0.00,0.0%,₹0.00,₹0.00,₹0.00,₹0.00,₹0.00,"₹1,99,900.00",₹0.00,₹0.00,,,,,,,,,,,,,,,,,,,,,,,,,,,,,,,,,,,,,,,,,,,,,,,₹100.00,18/08/2026,Bank Transfer,HAJ/PAY/2027/031,623020631327,pending,₹0.00,₹0.00,₹0.00,"₹1,99,900.00",18/08/2026,Bank Transfer,HAJ/PAY/2027/032,623104638620,pending,₹0.00,₹0.00,₹0.00,,,,,,,,,,,,,,,,,,,"₹2,00,000.00",2,0,₹0.00,₹0.00,₹0.00,₹0.00,₹0.00,₹0.00,₹0.00,₹0.00,"₹2,00,000.00",₹0.00,—,—,—,—,—,—,—,—
HAJ/TRV/2027/015,SATHAKATHUL HAMEED,MARIAM SHIRAFIA,SATHAKATHUL HAMEED MARIAM SHIRAFIA,Female,15/07/1985,Active,18/08/2026,HAJ/BCH/2027/002,GOLDEN SHORT,V6139740,15/04/2021,14/04/2031,Active,CHENNAI,SINGAPORE,+6583482632,mariam.shirafia@gmail.com,5819 2719 3710,BCXPM4583L,Yes,"NO.20A, NAGESWARA ROAD, NUNGAMBAKKAM, CHENNAI -600034","NO.20A, NAGESWARA ROAD, NUNGAMBAKKAM, CHENNAI -600034",0,SATHAKATHUL HAMEED,HAMEED AYSHA,SUHAIL AHMED KABEER,26/05/2027,H/GS20348/27,No,NOORUL AMEEN,9176199572,Not Vaccinated,,Yes,documents\HAJ_TRV_2027_015\passports\HAJ_TRV_2027_015_passport_scan_20260911_142354.pdf,documents\HAJ_TRV_2027_015\aadhaar\HAJ_TRV_2027_015_aadhaar_scan_20260911_142906.pdf,documents\HAJ_TRV_2027_015\pan\HAJ_TRV_2027_015_pan_scan_20260911_142912.pdf,,HAJ/BCH/2027/002,GOLDEN SHORT,Haj,2027,07/05/2027,26/05/2027,100,89,"₹8,49,673.00",Open,GOLDEN SHORT TERM,HAJ/PAY/2027/033,HAJ/TRV/2027/015,HAJ/BCH/2027/002,"₹2,00,000.00",18/08/2026,Bank Transfer,pending,623104638620,,H/GS20348/27,SATHAKATHUL HAMEED MARIAM SHIRAFIA,V6139740,+6583482632,₹0.00,0.0%,₹0.00,₹0.00,₹0.00,₹0.00,₹0.00,"₹2,00,000.00",₹0.00,₹0.00,,,,,,,,,,,,,,,,,,,,,,,,,,,,,,,,,,,,,,,,,,,,,,,,,,,,,,,,,,,,,,,,,,,,,,"₹2,00,000.00",18/08/2026,Bank Transfer,HAJ/PAY/2027/033,623104638620,pending,₹0.00,₹0.00,₹0.00,,,,,,,,,,,,,,,,,,,,,,,,,,,,"₹2,00,000.00",1,0,₹0.00,₹0.00,₹0.00,₹0.00,₹0.00,₹0.00,₹0.00,₹0.00,"₹2,00,000.00",₹0.00,—,—,—,—,—,—,—,—
HAJ/TRV/2027/016,MUHAMMED KASIM,AYESHA,MUHAMMED KASIM AYESHA,Female,20/05/1967,Active,20/08/2026,HAJ/BCH/2027/001,GOLDEN PACKAGE,AH467006,03/10/2025,02/10/2035,Active,NEYVELI,CHENNAI,9487239969,arshiyaanwar@gmail.com,6597 2833 1928,AUWPA3824G,Yes,"12A, B MANIYARI STREET, TIRUVANNAMALAI - 606601","12A, B MANIYARI STREET, TIRUVANNAMALAI - 606601",0,MUHAMMED KASIM,ZAIBUNNISA,ANVARBASHA,21/05/2027,H/GL10248/27,No,ARSHIYA,8610118050,Not Vaccinated,NEYVELI BAI REF,Yes,,,,,HAJ/BCH/2027/001,GOLDEN PACKAGE,Haj,2027,20/04/2027,23/05/2027,100,89,"₹8,30,999.00",Open,,HAJ/PAY/2027/003,HAJ/TRV/2027/016,HAJ/BCH/2027/001,"₹2,00,000.00",16/07/2026,Bank Transfer,pending,IDIBH19750411249,,HAJ ADVANCE,MUHAMMED KASIM AYESHA,AH467006,9487239969,₹0.00,0.0%,₹0.00,₹0.00,₹0.00,₹0.00,₹0.00,"₹2,00,000.00",₹0.00,₹0.00,,,,,,,,,,,,,,,,,,,,,,,,,,,,,,,,,,,,,,,,,,,,,,,,,,,,,,,,,,,,,,,,,,,,,,"₹2,00,000.00",16/07/2026,Bank Transfer,HAJ/PAY/2027/003,IDIBH19750411249,pending,₹0.00,₹0.00,₹0.00,,,,,,,,,,,,,,,,,,,,,,,,,,,,"₹2,00,000.00",1,0,₹0.00,₹0.00,₹0.00,₹0.00,₹0.00,₹0.00,₹0.00,₹0.00,"₹2,00,000.00",₹0.00,—,—,—,—,—,—,—,—
HAJ/TRV/2027/017,ABBAS MARICAR,HAJA HASSAN,ABBAS MARICAR HAJA HASSAN,Male,18/11/1980,Active,22/08/2026,HAJ/BCH/2027/001,GOLDEN PACKAGE,C5699524,04/06/2025,03/06/2035,Active,SALEM,SINGAPORE,+65 9777 2726,hajahassan995@gmail.com,2731 4697 0714,ACGPH5411G,Yes,"44/23, BIG STREET, PARANGIPETTAI , CUDDALORE - 608502","44/23, BIG STREET, PARANGIPETTAI , CUDDALORE - 608502",0,ABBAS MARICAR,HAMEEDAUNISA,K MOHIDEEN NACHIAR,21/05/2027,H/GL11048/27,No,ABDUR RAHMAN,9176144274,Not Vaccinated,,Yes,documents\HAJ_TRV_2027_017\passports\HAJ_TRV_2027_017_passport_scan_20260911_143613.pdf,documents\HAJ_TRV_2027_017\aadhaar\HAJ_TRV_2027_017_aadhaar_scan_20260911_143657.pdf,documents\HAJ_TRV_2027_017\pan\HAJ_TRV_2027_017_pan_scan_20260911_143649.pdf,,HAJ/BCH/2027/001,GOLDEN PACKAGE,Haj,2027,20/04/2027,23/05/2027,100,89,"₹8,30,999.00",Open,,HAJ/PAY/2027/028,HAJ/TRV/2027/017,HAJ/BCH/2027/001,"₹2,00,000.00",16/08/2026,Bank Transfer,pending,ICICR12026081612301062,,H/GL11048/27,ABBAS MARICAR HAJA HASSAN,C5699524,+65 9777 2726,₹0.00,0.0%,₹0.00,₹0.00,₹0.00,₹0.00,₹0.00,"₹2,00,000.00",₹0.00,₹0.00,,,,,,,,,,,,,,,,,,,,,,,,,,,,,,,,,,,,,,,,,,,,,,,,,,,,,,,,,,,,,,,,,,,,,,"₹2,00,000.00",16/08/2026,Bank Transfer,HAJ/PAY/2027/028,ICICR12026081612301062,pending,₹0.00,₹0.00,₹0.00,,,,,,,,,,,,,,,,,,,,,,,,,,,,"₹2,00,000.00",1,0,₹0.00,₹0.00,₹0.00,₹0.00,₹0.00,₹0.00,₹0.00,₹0.00,"₹2,00,000.00",₹0.00,—,—,—,—,—,—,—,—
HAJ/TRV/2027/018,KADER ALI MARICAR,MOHIDEEN NACHIAR,KADER ALI MARICAR MOHIDEEN NACHIAR,Female,22/05/1986,Active,22/08/2026,HAJ/BCH/2027/001,GOLDEN PACKAGE,T27323386,12/03/2019,11/03/2029,Active,CUDDALORE,CHENNAI,+6580341038,hajahassan995@gmail.com,8936 2794 4988,BSJPM0686E,No,"NO.3, SANARA MUDUKKU , PARANGIPETTAI, CUDDALORE - 608502","NO.3, SANARA MUDUKKU , PARANGIPETTAI, CUDDALORE - 608502",0,KADER ALI MARICAR,UMMA SALMA,ABBAS MARICAR HAJA HASSAN,21/05/2027,H/GL11148/27,No,ABDUR RAHMAN,9176144274,Not Vaccinated,,Yes,documents\HAJ_TRV_2027_018\passports\HAJ_TRV_2027_018_passport_scan_20260911_143804.pdf,documents\HAJ_TRV_2027_018\aadhaar\HAJ_TRV_2027_018_aadhaar_scan_20260911_143818.pdf,documents\HAJ_TRV_2027_018\pan\HAJ_TRV_2027_018_pan_scan_20260911_143823.pdf,,HAJ/BCH/2027/001,GOLDEN PACKAGE,Haj,2027,20/04/2027,23/05/2027,100,89,"₹8,30,999.00",Open,,HAJ/PAY/2027/029,HAJ/TRV/2027/018,HAJ/BCH/2027/001,"₹1,00,000.00",16/08/2026,Bank Transfer,pending,ICICR12026081612301062,,H/GL11148/27,KADER ALI MARICAR MOHIDEEN NACHIAR,T27323386,+6580341038,₹0.00,0.0%,₹0.00,₹0.00,₹0.00,₹0.00,₹0.00,"₹1,00,000.00",₹0.00,₹0.00,HAJ/PAY/2027/030,HAJ/TRV/2027/018,HAJ/BCH/2027/001,"₹1,00,000.00",17/08/2026,Bank Transfer,pending,IN12622951396380,,H/GL11148/27,KADER ALI MARICAR MOHIDEEN NACHIAR,T27323386,+6580341038,₹0.00,0.0%,₹0.00,₹0.00,₹0.00,₹0.00,₹0.00,"₹1,00,000.00",₹0.00,₹0.00,,,,,,,,,,,,,,,,,,,,,,,,,,,,,,,,,,,,,,,,,,,,,,,"₹1,00,000.00",16/08/2026,Bank Transfer,HAJ/PAY/2027/029,ICICR12026081612301062,pending,₹0.00,₹0.00,₹0.00,"₹1,00,000.00",17/08/2026,Bank Transfer,HAJ/PAY/2027/030,IN12622951396380,pending,₹0.00,₹0.00,₹0.00,,,,,,,,,,,,,,,,,,,"₹2,00,000.00",2,0,₹0.00,₹0.00,₹0.00,₹0.00,₹0.00,₹0.00,₹0.00,₹0.00,"₹2,00,000.00",₹0.00,—,—,—,—,—,—,—,—
HAJ/TRV/2027/019,YACOOB,MOHAMED RAFI,YACOOB MOHAMED RAFI,Male,17/02/1983,Active,22/08/2026,HAJ/BCH/2027/002,GOLDEN SHORT,C2201788,10/09/2024,09/09/2034,Active,CHENNAI,CHENNAI,9841809084,,6808 1272 8614,AZDPR2184E,Yes,"NO.26/11, AZEEZ MOHAMED GHOUSE STREET, OLD WASHERMENPET, CHENNAI -600021","NO.26/11, AZEEZ MOHAMED GHOUSE STREET, OLD WASHERMENPET, CHENNAI -600021",0,MOHAMED YACOOB,NAZEERA BEE,FEROZA,26/05/2027,H/GS20448/27,No,,,Not Vaccinated,,Yes,,,,,HAJ/BCH/2027/002,GOLDEN SHORT,Haj,2027,07/05/2027,26/05/2027,100,89,"₹8,49,673.00",Open,GOLDEN SHORT TERM,HAJ/PAY/2027/024,HAJ/TRV/2027/019,HAJ/BCH/2027/002,"₹2,00,000.00",13/08/2026,Bank Transfer,pending,622515778658,,H/GS20448/27,YACOOB MOHAMED RAFI,C2201788,9841809084,₹0.00,0.0%,₹0.00,₹0.00,₹0.00,₹0.00,₹0.00,"₹2,00,000.00",₹0.00,₹0.00,,,,,,,,,,,,,,,,,,,,,,,,,,,,,,,,,,,,,,,,,,,,,,,,,,,,,,,,,,,,,,,,,,,,,,"₹2,00,000.00",13/08/2026,Bank Transfer,HAJ/PAY/2027/024,622515778658,pending,₹0.00,₹0.00,₹0.00,,,,,,,,,,,,,,,,,,,,,,,,,,,,"₹2,00,000.00",1,0,₹0.00,₹0.00,₹0.00,₹0.00,₹0.00,₹0.00,₹0.00,₹0.00,"₹2,00,000.00",₹0.00,—,—,—,—,—,—,—,—
HAJ/TRV/2027/020,RAFI,FEROZA,RAFI FEROZA,Female,15/09/1992,Active,22/08/2026,HAJ/BCH/2027/002,GOLDEN SHORT,C7147527,02/01/2025,01/01/2035,Active,CHENNAI,CHENNAI,8838285750,,6480 7114 7738,AEHPF3224l,Yes,"NO.26/11, AZEEZ MOHAMED GHOUSE STREET, OLD WASHERMENPET, CHENNAI -600021","NO.26/11, AZEEZ MOHAMED GHOUSE STREET, OLD WASHERMENPET, CHENNAI -600021",0,KHADAR BASHA,CHANMA,MOHAMED RAFI,26/05/2027,H/GS20548/27,No,,,Not Vaccinated,,Yes,,,,,HAJ/BCH/2027/002,GOLDEN SHORT,Haj,2027,07/05/2027,26/05/2027,100,89,"₹8,49,673.00",Open,GOLDEN SHORT TERM,HAJ/PAY/2027/022,HAJ/TRV/2027/020,HAJ/BCH/2027/002,"₹2,00,000.00",13/08/2026,Bank Transfer,pending,622515732931,,H/GS20548/27,RAFI FEROZA,C7147527,8838285750,₹0.00,0.0%,₹0.00,₹0.00,₹0.00,₹0.00,₹0.00,"₹2,00,000.00",₹0.00,₹0.00,,,,,,,,,,,,,,,,,,,,,,,,,,,,,,,,,,,,,,,,,,,,,,,,,,,,,,,,,,,,,,,,,,,,,,"₹2,00,000.00",13/08/2026,Bank Transfer,HAJ/PAY/2027/022,622515732931,pending,₹0.00,₹0.00,₹0.00,,,,,,,,,,,,,,,,,,,,,,,,,,,,"₹2,00,000.00",1,0,₹0.00,₹0.00,₹0.00,₹0.00,₹0.00,₹0.00,₹0.00,₹0.00,"₹2,00,000.00",₹0.00,—,—,—,—,—,—,—,—
HAJ/TRV/2027/021,YACOOB,NAZEERA BEE,YACOOB NAZEERA BEE,Female,10/03/1960,Active,22/08/2026,HAJ/BCH/2027/002,GOLDEN SHORT,B6480245,23/10/2023,22/10/2033,Active,CHENNAI,CHENNAI,9841809084,,4052 9151 4443,BWKPN6837R,Yes,"26/11, AZEES MOHAMMED GHOUSE STREET, OLD WASHERMENPET, CHENNAI - 600021","26/11, AZEES MOHAMMED GHOUSE STREET, OLD WASHERMENPET, CHENNAI - 600021",0,ALLAH BAKASH,BANU BEE,MOHAMED YACOOB,26/05/2027,H/GS20648/27,No,,,Not Vaccinated,,Yes,documents\HAJ_TRV_2027_021\passports\HAJ_TRV_2027_021_passport_scan_20260911_144028.pdf,,,,HAJ/BCH/2027/002,GOLDEN SHORT,Haj,2027,07/05/2027,26/05/2027,100,89,"₹8,49,673.00",Open,GOLDEN SHORT TERM,HAJ/PAY/2027/023,HAJ/TRV/2027/021,HAJ/BCH/2027/002,"₹2,00,000.00",13/08/2026,Bank Transfer,pending,622515735859,,H/GS20648/27,YACOOB NAZEERA BEE,B6480245,9841809084,₹0.00,0.0%,₹0.00,₹0.00,₹0.00,₹0.00,₹0.00,"₹2,00,000.00",₹0.00,₹0.00,,,,,,,,,,,,,,,,,,,,,,,,,,,,,,,,,,,,,,,,,,,,,,,,,,,,,,,,,,,,,,,,,,,,,,"₹2,00,000.00",13/08/2026,Bank Transfer,HAJ/PAY/2027/023,622515735859,pending,₹0.00,₹0.00,₹0.00,,,,,,,,,,,,,,,,,,,,,,,,,,,,"₹2,00,000.00",1,0,₹0.00,₹0.00,₹0.00,₹0.00,₹0.00,₹0.00,₹0.00,₹0.00,"₹2,00,000.00",₹0.00,—,—,—,—,—,—,—,—
HAJ/TRV/2027/022,RAFI,MOHAMMED IMTIAZ,RAFI MOHAMMED IMTIAZ,Male,29/09/2007,Active,22/08/2026,HAJ/BCH/2027/002,GOLDEN SHORT,C7146151,01/01/2025,31/12/2034,Active,CHENNAI,CHENNAI,6385312367,rmdimtiaz56@gmail.com,2176 2252 9181,KCYPM7396M,Yes,"NO.26/11, AZEEZ MOHAMED GHOUSE STREET, OLD WASHERMENPET, CHENNAI - 600021","NO.26/11, AZEEZ MOHAMED GHOUSE STREET, OLD WASHERMENPET, CHENNAI - 600021",0,MOHAMED RAFI,FEROZA,,26/05/2027,H/GS20748/27,No,,,Not Vaccinated,,Yes,,,,,HAJ/BCH/2027/002,GOLDEN SHORT,Haj,2027,07/05/2027,26/05/2027,100,89,"₹8,49,673.00",Open,GOLDEN SHORT TERM,HAJ/PAY/2027/027,HAJ/TRV/2027/022,HAJ/BCH/2027/002,"₹2,00,000.00",16/08/2026,Bank Transfer,pending,622812017254,,H/GS20748/27,RAFI MOHAMMED IMTIAZ,C7146151,6385312367,₹0.00,0.0%,₹0.00,₹0.00,₹0.00,₹0.00,₹0.00,"₹2,00,000.00",₹0.00,₹0.00,,,,,,,,,,,,,,,,,,,,,,,,,,,,,,,,,,,,,,,,,,,,,,,,,,,,,,,,,,,,,,,,,,,,,,"₹2,00,000.00",16/08/2026,Bank Transfer,HAJ/PAY/2027/027,622812017254,pending,₹0.00,₹0.00,₹0.00,,,,,,,,,,,,,,,,,,,,,,,,,,,,"₹2,00,000.00",1,0,₹0.00,₹0.00,₹0.00,₹0.00,₹0.00,₹0.00,₹0.00,₹0.00,"₹2,00,000.00",₹0.00,—,—,—,—,—,—,—,—
HAJ/TRV/2027/023,RAFI,MOHAMMED RAIHAAN,RAFI MOHAMMED RAIHAAN,Male,08/03/2010,Active,22/08/2026,HAJ/BCH/2027/002,GOLDEN SHORT,C7139412,27/12/2024,07/03/2028,Active,CHENNAI,CHENNAI,8438585750,,8462 7549 1490,,No,"NO.26/11, AZEEZ MOHAMED GHOUSE STREET, OLD WASHERMENPET, CHENNAI - 600021","NO.26/11, AZEEZ MOHAMED GHOUSE STREET, OLD WASHERMENPET, CHENNAI - 600021",0,MOHAMED RAFI,FEROZA,,26/05/2027,H/GS20848/27,No,,,Not Vaccinated,,Yes,,,,,HAJ/BCH/2027/002,GOLDEN SHORT,Haj,2027,07/05/2027,26/05/2027,100,89,"₹8,49,673.00",Open,GOLDEN SHORT TERM,HAJ/PAY/2027/025,HAJ/TRV/2027/023,HAJ/BCH/2027/002,"₹2,00,000.00",13/08/2026,Bank Transfer,pending,622515828077,,H/GS20848/27,RAFI MOHAMMED RAIHAAN,C7139412,8438585750,₹0.00,0.0%,₹0.00,₹0.00,₹0.00,₹0.00,₹0.00,"₹2,00,000.00",₹0.00,₹0.00,,,,,,,,,,,,,,,,,,,,,,,,,,,,,,,,,,,,,,,,,,,,,,,,,,,,,,,,,,,,,,,,,,,,,,"₹2,00,000.00",13/08/2026,Bank Transfer,HAJ/PAY/2027/025,622515828077,pending,₹0.00,₹0.00,₹0.00,,,,,,,,,,,,,,,,,,,,,,,,,,,,"₹2,00,000.00",1,0,₹0.00,₹0.00,₹0.00,₹0.00,₹0.00,₹0.00,₹0.00,₹0.00,"₹2,00,000.00",₹0.00,—,—,—,—,—,—,—,—
HAJ/TRV/2027/024,RAFI,MOHAMMED FARHAAN,RAFI MOHAMMED FARHAAN,Male,18/11/2015,Active,22/08/2026,HAJ/BCH/2027/002,GOLDEN SHORT,C7145730,01/01/2025,31/12/2029,Active,CHENNAI,CHENNAI,9841809084,,2654 7200 8937,,No,"NO.26/11, AZEEZ MOHAMED GHOUSE STREET, OLD WASHERMENPET, CHENNAI - 600021","NO.26/11, AZEEZ MOHAMED GHOUSE STREET, OLD WASHERMENPET, CHENNAI - 600021",0,MOHAMED RAFI,FEROZA,,26/05/2027,H/GS20948/27,No,,,Not Vaccinated,,Yes,,,,,HAJ/BCH/2027/002,GOLDEN SHORT,Haj,2027,07/05/2027,26/05/2027,100,89,"₹8,49,673.00",Open,GOLDEN SHORT TERM,HAJ/PAY/2027/026,HAJ/TRV/2027/024,HAJ/BCH/2027/002,"₹2,00,000.00",13/08/2026,Bank Transfer,pending,622515828077,,H/GS20948/27,RAFI MOHAMMED FARHAAN,C7145730,9841809084,₹0.00,0.0%,₹0.00,₹0.00,₹0.00,₹0.00,₹0.00,"₹2,00,000.00",₹0.00,₹0.00,,,,,,,,,,,,,,,,,,,,,,,,,,,,,,,,,,,,,,,,,,,,,,,,,,,,,,,,,,,,,,,,,,,,,,"₹2,00,000.00",13/08/2026,Bank Transfer,HAJ/PAY/2027/026,622515828077,pending,₹0.00,₹0.00,₹0.00,,,,,,,,,,,,,,,,,,,,,,,,,,,,"₹2,00,000.00",1,0,₹0.00,₹0.00,₹0.00,₹0.00,₹0.00,₹0.00,₹0.00,₹0.00,"₹2,00,000.00",₹0.00,—,—,—,—,—,—,—,—
HAJ/TRV/2027/025,MOHAMMED SHERFUDEEN,IDRIS,MOHAMMED SHERFUDEEN IDRIS,Male,01/03/1981,Active,22/08/2026,HAJ/BCH/2027/003,SILVER PACKAGE,Y2013054,25/04/2024,24/04/2034,Active,TRICHY,COIMBATORE,7339158363,iniyan-che@yahoo.co.in,8900 1971 7208,AAMPI9658Q,Yes,"NO.95, PANDIYARAJAN STREET, SALEM - 636001","NO.95, PANDIYARAJAN STREET, SALEM - 636001",0,MOHAMMED SHERFUDEEN,RAMEEJA BI,SALEENA,13/06/2027,H/SL30148/27,No,,,Not Vaccinated,,Yes,,,,,HAJ/BCH/2027/003,SILVER PACKAGE,Haj,2027,10/05/2027,14/06/2027,100,94,"₹7,28,291.00",Open,SILVER PACKAGE,HAJ/PAY/2027/009,HAJ/TRV/2027/025,HAJ/BCH/2027/003,"₹50,000.00",26/07/2026,Bank Transfer,pending,620751091498,,H/SL30148/27,MOHAMMED SHERFUDEEN IDRIS,Y2013054,7339158363,₹0.00,0.0%,₹0.00,₹0.00,₹0.00,₹0.00,₹0.00,"₹50,000.00",₹0.00,₹0.00,HAJ/PAY/2027/010,HAJ/TRV/2027/025,HAJ/BCH/2027/003,"₹1,50,000.00",26/07/2026,Bank Transfer,pending,620851499680,,H/SL30248/27,MOHAMMED SHERFUDEEN IDRIS,Y2013054,7339158363,₹0.00,0.0%,₹0.00,₹0.00,₹0.00,₹0.00,₹0.00,"₹1,50,000.00",₹0.00,₹0.00,,,,,,,,,,,,,,,,,,,,,,,,,,,,,,,,,,,,,,,,,,,,,,,"₹50,000.00",26/07/2026,Bank Transfer,HAJ/PAY/2027/009,620751091498,pending,₹0.00,₹0.00,₹0.00,"₹1,50,000.00",26/07/2026,Bank Transfer,HAJ/PAY/2027/010,620851499680,pending,₹0.00,₹0.00,₹0.00,,,,,,,,,,,,,,,,,,,"₹2,00,000.00",2,0,₹0.00,₹0.00,₹0.00,₹0.00,₹0.00,₹0.00,₹0.00,₹0.00,"₹2,00,000.00",₹0.00,—,—,—,—,—,—,—,—
HAJ/TRV/2027/026,AHAMED BASHEER,SALEENA,AHAMED BASHEER SALEENA,Female,09/10/1985,Active,22/08/2026,HAJ/BCH/2027/003,SILVER PACKAGE,Y2013051,25/04/2024,24/04/2034,Active,COIMBATORE,COIMBATORE,9943314688,iniyan-che@yahoo.co.in,4463 9688 7515,DPEPS2289B,Yes,"NO.95, PANDIYARAJAN STREET, SALEM - 636001","NO.95, PANDIYARAJAN STREET, SALEM - 636001",0,AHAMED BASHEER SULAIMAN,SHAKILA BANU AHAMED BASHEER,IDRIS MOHAMMED SHERFUDEEN,13/06/2027,H/SL30248/27,No,AHAMED BASHEER,9843014688,Not Vaccinated,,Yes,,,,,HAJ/BCH/2027/003,SILVER PACKAGE,Haj,2027,10/05/2027,14/06/2027,100,94,"₹7,28,291.00",Open,SILVER PACKAGE,HAJ/PAY/2027/011,HAJ/TRV/2027/026,HAJ/BCH/2027/003,"₹2,00,000.00",27/07/2026,Bank Transfer,pending,620851499863,,H/SL30248/27,AHAMED BASHEER SALEENA,Y2013051,9943314688,₹0.00,0.0%,₹0.00,₹0.00,₹0.00,₹0.00,₹0.00,"₹2,00,000.00",₹0.00,₹0.00,,,,,,,,,,,,,,,,,,,,,,,,,,,,,,,,,,,,,,,,,,,,,,,,,,,,,,,,,,,,,,,,,,,,,,"₹2,00,000.00",27/07/2026,Bank Transfer,HAJ/PAY/2027/011,620851499863,pending,₹0.00,₹0.00,₹0.00,,,,,,,,,,,,,,,,,,,,,,,,,,,,"₹2,00,000.00",1,0,₹0.00,₹0.00,₹0.00,₹0.00,₹0.00,₹0.00,₹0.00,₹0.00,"₹2,00,000.00",₹0.00,—,—,—,—,—,—,—,—
HAJ/TRV/2027/027,IDRIS,MARIAM HASNA,IDRIS MARIAM HASNA,Female,09/03/2009,Active,22/08/2026,HAJ/BCH/2027/003,SILVER PACKAGE,Y2011960,23/04/2024,22/04/2034,Active,COIMBATORE,COIMBATORE,9944344958,iniyan-che@yahoo.co.in,7123 3009 7674,,No,"NO.95, PANDIYARAJAN STREET, SALEM - 636001","NO.95, PANDIYARAJAN STREET, SALEM - 636001",0,IDRIS MOHAMMED SHERFUDEEN,SALEENA AHAMED BASHEER,,13/06/2027,H/SL30348/27,No,,,Not Vaccinated,,Yes,,,,,HAJ/BCH/2027/003,SILVER PACKAGE,Haj,2027,10/05/2027,14/06/2027,100,94,"₹7,28,291.00",Open,SILVER PACKAGE,HAJ/PAY/2027/012,HAJ/TRV/2027/027,HAJ/BCH/2027/003,"₹2,00,000.00",28/07/2026,Bank Transfer,pending,620951912001,,H/SL30348/27,IDRIS MARIAM HASNA,Y2011960,9944344958,₹0.00,0.0%,₹0.00,₹0.00,₹0.00,₹0.00,₹0.00,"₹2,00,000.00",₹0.00,₹0.00,,,,,,,,,,,,,,,,,,,,,,,,,,,,,,,,,,,,,,,,,,,,,,,,,,,,,,,,,,,,,,,,,,,,,,"₹2,00,000.00",28/07/2026,Bank Transfer,HAJ/PAY/2027/012,620951912001,pending,₹0.00,₹0.00,₹0.00,,,,,,,,,,,,,,,,,,,,,,,,,,,,"₹2,00,000.00",1,0,₹0.00,₹0.00,₹0.00,₹0.00,₹0.00,₹0.00,₹0.00,₹0.00,"₹2,00,000.00",₹0.00,—,—,—,—,—,—,—,—
HAJ/TRV/2027/028,IDRIS,MOHAMED HARITH,IDRIS MOHAMED HARITH,Male,10/04/2012,Active,22/08/2026,HAJ/BCH/2027/003,SILVER PACKAGE,Y2011959,23/04/2024,22/04/2029,Active,COIMBATORE,COIMBATORE,9363310965,iniyan-che@yahoo.co.in,5454 3362 9833,,No,"NO.95, PANDIYARAJAN STREET, SALEM - 636001","NO.95, PANDIYARAJAN STREET, SALEM - 636001",0,IDRIS MOHAMMED SHERFUDEEN,SALEENA AHAMED BASHEER,,13/06/2027,H/SL30448/27,No,AHAMED BASHEER,9843014688,Not Vaccinated,,Yes,,,,,HAJ/BCH/2027/003,SILVER PACKAGE,Haj,2027,10/05/2027,14/06/2027,100,94,"₹7,28,291.00",Open,SILVER PACKAGE,HAJ/PAY/2027/013,HAJ/TRV/2027/028,HAJ/BCH/2027/003,"₹2,00,000.00",28/07/2026,Bank Transfer,pending,620951912296,,H/SL30448/27,IDRIS MOHAMED HARITH,Y2011959,9363310965,₹0.00,0.0%,₹0.00,₹0.00,₹0.00,₹0.00,₹0.00,"₹2,00,000.00",₹0.00,₹0.00,,,,,,,,,,,,,,,,,,,,,,,,,,,,,,,,,,,,,,,,,,,,,,,,,,,,,,,,,,,,,,,,,,,,,,"₹2,00,000.00",28/07/2026,Bank Transfer,HAJ/PAY/2027/013,620951912296,pending,₹0.00,₹0.00,₹0.00,,,,,,,,,,,,,,,,,,,,,,,,,,,,"₹2,00,000.00",1,0,₹0.00,₹0.00,₹0.00,₹0.00,₹0.00,₹0.00,₹0.00,₹0.00,"₹2,00,000.00",₹0.00,—,—,—,—,—,—,—,—
HAJ/TRV/2027/029,MOHAMEDHANIFA,KAJAMOHIDEEN,MOHAMEDHANIFA KAJAMOHIDEEN,Male,02/10/1956,Active,22/08/2026,HAJ/BCH/2027/003,SILVER PACKAGE,T4603838,18/03/2019,17/03/2029,Active,ARAVAKRICHI,TRICHY,9994535117,rafeeq51.islam@gmail.com,5225 7208 1874,ARCPK1117H,Pending,"NO.89AB2, NNO.91, DHARKA STREET, ARAVAKURICHI PO, KARUR- 639201","NO.89AB2, NNO.91, DHARKA STREET, ARAVAKURICHI PO, KARUR- 639201",0,MOHAMEDHANIFA,HABIBUNISHA,AYSIYA BEGAM,13/06/2027,H/SL30548/27,No,,,Booster,,Yes,,,,,HAJ/BCH/2027/003,SILVER PACKAGE,Haj,2027,10/05/2027,14/06/2027,100,94,"₹7,28,291.00",Open,SILVER PACKAGE,HAJ/PAY/2027/014,HAJ/TRV/2027/029,HAJ/BCH/2027/003,"₹2,00,000.00",07/08/2026,Bank Transfer,pending,IN12621950121965,,H/SL30548/27,MOHAMEDHANIFA KAJAMOHIDEEN,T4603838,9994535117,₹0.00,0.0%,₹0.00,₹0.00,₹0.00,₹0.00,₹0.00,"₹2,00,000.00",₹0.00,₹0.00,,,,,,,,,,,,,,,,,,,,,,,,,,,,,,,,,,,,,,,,,,,,,,,,,,,,,,,,,,,,,,,,,,,,,,"₹2,00,000.00",07/08/2026,Bank Transfer,HAJ/PAY/2027/014,IN12621950121965,pending,₹0.00,₹0.00,₹0.00,,,,,,,,,,,,,,,,,,,,,,,,,,,,"₹2,00,000.00",1,0,₹0.00,₹0.00,₹0.00,₹0.00,₹0.00,₹0.00,₹0.00,₹0.00,"₹2,00,000.00",₹0.00,—,—,—,—,—,—,—,—
HAJ/TRV/2027/030,KAJAMAYTHIN,ASIYAMMAL,KAJAMAYTHIN ASIYAMMAL,Female,06/05/1965,Active,22/08/2026,HAJ/BCH/2027/003,SILVER PACKAGE,BA536894,16/09/2026,15/09/2036,Active,ARAVAKURICHI,TIRUCHIRAPPALLI,9994535117,rafeeq510.islam@gmail.com,6122 6310 2877,GKRPA6918J,No,"NO.89, PUTHU THERU, ARAVAKURICHI, KARUR - 639201","NO.89, PUTHU THERU, ARAVAKURICHI, KARUR - 639201",0,MOHAMED ABDUL KADER,NOORAMMAL,KAJAMAYTHIN,13/06/2027,H/SL30648/27,No,AARIFA,8105286575,Not Vaccinated,,Yes,,,,,HAJ/BCH/2027/003,SILVER PACKAGE,Haj,2027,10/05/2027,14/06/2027,100,94,"₹7,28,291.00",Open,SILVER PACKAGE,HAJ/PAY/2027/015,HAJ/TRV/2027/030,HAJ/BCH/2027/003,"₹2,00,000.00",08/08/2026,Bank Transfer,pending,SCBLH22000564447,,H/SL30648/27,KAJAMAYTHIN ASIYAMMAL,BA536894,9994535117,₹0.00,0.0%,₹0.00,₹0.00,₹0.00,₹0.00,₹0.00,"₹2,00,000.00",₹0.00,₹0.00,,,,,,,,,,,,,,,,,,,,,,,,,,,,,,,,,,,,,,,,,,,,,,,,,,,,,,,,,,,,,,,,,,,,,,"₹2,00,000.00",08/08/2026,Bank Transfer,HAJ/PAY/2027/015,SCBLH22000564447,pending,₹0.00,₹0.00,₹0.00,,,,,,,,,,,,,,,,,,,,,,,,,,,,"₹2,00,000.00",1,0,₹0.00,₹0.00,₹0.00,₹0.00,₹0.00,₹0.00,₹0.00,₹0.00,"₹2,00,000.00",₹0.00,—,—,—,—,—,—,—,—
HAJ/TRV/2027/031,KADER MOHIDEEN,SHAIK MEERAN,KADER MOHIDEEN SHAIK MEERAN,Male,21/01/1987,Active,01/09/2026,HAJ/BCH/2027/002,GOLDEN SHORT,U3182267,06/02/2020,05/02/2030,Active,NAGERCOIL,CHENNAI,9600002985,shaikmeeran15@gmail.com,6693 2061 9200,DJHPS5188A,Yes,"7,2ND MAIN ROAD, SADIQ BASHA NAGAR, VIRUGAMBAKKAM, CHENNAI - 600092","NNO.8, ONO.14, PLOT NO.22, MOSQUE STREET, SADIQ BASHA NAGAR, ALWARTHIRUNAGAR, CHENNAI - 600087",0,KADER MOHIDEEN,REGINA KADER,,26/05/2027,H/GS21048/27,No,,,Not Vaccinated,,Yes,documents\HAJ_TRV_2027_031\passports\HAJ_TRV_2027_031_passport_scan_20260911_145420.pdf,,,,HAJ/BCH/2027/002,GOLDEN SHORT,Haj,2027,07/05/2027,26/05/2027,100,89,"₹8,49,673.00",Open,GOLDEN SHORT TERM,HAJ/PAY/2027/034,HAJ/TRV/2027/031,HAJ/BCH/2027/002,"₹2,00,000.00",27/08/2026,Bank Transfer,pending,IDIBH23955825350,,H/GS21048/27,KADER MOHIDEEN SHAIK MEERAN,U3182267,9600002985,₹0.00,0.0%,₹0.00,₹0.00,₹0.00,₹0.00,₹0.00,"₹2,00,000.00",₹0.00,₹0.00,,,,,,,,,,,,,,,,,,,,,,,,,,,,,,,,,,,,,,,,,,,,,,,,,,,,,,,,,,,,,,,,,,,,,,"₹2,00,000.00",27/08/2026,Bank Transfer,HAJ/PAY/2027/034,IDIBH23955825350,pending,₹0.00,₹0.00,₹0.00,,,,,,,,,,,,,,,,,,,,,,,,,,,,"₹2,00,000.00",1,0,₹0.00,₹0.00,₹0.00,₹0.00,₹0.00,₹0.00,₹0.00,₹0.00,"₹2,00,000.00",₹0.00,—,—,—,—,—,—,—,—
HAJ/TRV/2027/032,SHAIK MEERAN,FATHIMA RUKSHANA,SHAIK MEERAN FATHIMA RUKSHANA,Female,15/05/1996,Active,01/09/2026,HAJ/BCH/2027/002,GOLDEN SHORT,Y3572537,13/06/2024,12/06/2034,Active,NAGERCOIL,CHENNAI,9159436230,rukshana151996@gmail.com,9234 1875 1900,AFEPF6843D,Yes,"NNO.8, ONNO.14, PLOT NO 22, MOSQUE STREET, SADHIK BASHA NGR, ALWARTHIRUNAGAR, CHENNAI - 600087","NNO.8, ONNO.14, PLOT NO 22, MOSQUE STREET, SADHIK BASHA NGR, ALWARTHIRUNAGAR, CHENNAI - 600087",0,MEERA SAHIB,MUTHU KATHIJA,SHAIK MEERAN,26/05/2027,H/GS21148/27,No,,,Not Vaccinated,,Yes,documents\HAJ_TRV_2027_032\passports\HAJ_TRV_2027_032_passport_scan_20260911_145458.pdf,,,,HAJ/BCH/2027/002,GOLDEN SHORT,Haj,2027,07/05/2027,26/05/2027,100,89,"₹8,49,673.00",Open,GOLDEN SHORT TERM,HAJ/PAY/2027/035,HAJ/TRV/2027/032,HAJ/BCH/2027/002,"₹2,00,000.00",27/08/2026,Bank Transfer,pending,SBINR52026082740340880,,H/GS21148/27,SHAIK MEERAN FATHIMA RUKSHANA,Y3572537,9159436230,₹0.00,0.0%,₹0.00,₹0.00,₹0.00,₹0.00,₹0.00,"₹2,00,000.00",₹0.00,₹0.00,,,,,,,,,,,,,,,,,,,,,,,,,,,,,,,,,,,,,,,,,,,,,,,,,,,,,,,,,,,,,,,,,,,,,,"₹2,00,000.00",27/08/2026,Bank Transfer,HAJ/PAY/2027/035,SBINR52026082740340880,pending,₹0.00,₹0.00,₹0.00,,,,,,,,,,,,,,,,,,,,,,,,,,,,"₹2,00,000.00",1,0,₹0.00,₹0.00,₹0.00,₹0.00,₹0.00,₹0.00,₹0.00,₹0.00,"₹2,00,000.00",₹0.00,—,—,—,—,—,—,—,—
HAJ/TRV/2027/033,AHAMED MOHIDEEN,NAZEEM BANU,AHAMED MOHIDEEN NAZEEM BANU,Female,27/11/1968,Active,12/09/2026,HAJ/BCH/2027/001,GOLDEN PACKAGE,B7087966,09/11/2023,08/11/2033,Active,CHENNAI,CHENNAI,9500088808,fayzahm@gmail.com,3676 4912 7057,BDFPN8367L,Yes,"2A, A3 GROUND FLOOR, MAHALAKSHMI  APARTMENT, ADAMBAKKAM, CHENNAI -600088","2A, A3 GROUND FLOOR, MAHALAKSHMI  APARTMENT, ADAMBAKKAM, CHENNAI -600088",0,K M S SALAHUDDIN,ZUBAIDHA,AHAMED MOHIDEEN,23/05/2027,H/GL11248/27,No,FAYAZ AHMED A,9500088808,Not Vaccinated,,Yes,,,,,HAJ/BCH/2027/001,GOLDEN PACKAGE,Haj,2027,20/04/2027,23/05/2027,100,89,"₹8,30,999.00",Open,,HAJ/PAY/2027/037,HAJ/TRV/2027/033,HAJ/BCH/2027/001,"₹2,00,000.00",19/09/2026,Bank Transfer,pending,HDFCR52026082952324583,,h/gl11248/27,AHAMED MOHIDEEN NAZEEM BANU,B7087966,9500088808,₹0.00,0.0%,₹0.00,₹0.00,₹0.00,₹0.00,₹0.00,"₹2,00,000.00",₹0.00,₹0.00,,,,,,,,,,,,,,,,,,,,,,,,,,,,,,,,,,,,,,,,,,,,,,,,,,,,,,,,,,,,,,,,,,,,,,"₹2,00,000.00",19/09/2026,Bank Transfer,HAJ/PAY/2027/037,HDFCR52026082952324583,pending,₹0.00,₹0.00,₹0.00,,,,,,,,,,,,,,,,,,,,,,,,,,,,"₹2,00,000.00",1,0,₹0.00,₹0.00,₹0.00,₹0.00,₹0.00,₹0.00,₹0.00,₹0.00,"₹2,00,000.00",₹0.00,—,—,—,—,—,—,—,—
HAJ/TRV/2027/035,HASAN SHADALI,VAHITHA BANU,HASAN SHADALI VAHITHA BANU,Female,20/02/1972,Active,12/09/2026,HAJ/BCH/2027/001,GOLDEN PACKAGE,Z7433819,20/11/2023,19/11/2033,Active,RAMANATHAPURAM,COIMBATORE,9659408833,arsathh08@gmail.com,4823 0389 0734,BJFPV0395C,Yes,"15, CHAIRMAN RATHINASAMY STREET, SHEVAPET, SALEM -636002","788, NEW LUCKY MALIGAI, SHEVAPET, SALEM - 636002",0,NAHEEM,SITHI MALLIKA,HASAN SHADALI,23/05/2027,H/GL11448/27,No,MOHAMMED ARSATH,9514444700,Not Vaccinated,,Yes,documents\new_20260912_154413\passports\new_20260912_154413_passport_scan_20260912_154447.pdf,,documents\HAJ_TRV_2027_035\pan\HAJ_TRV_2027_035_pan_scan_20260912_155933.pdf,,HAJ/BCH/2027/001,GOLDEN PACKAGE,Haj,2027,20/04/2027,23/05/2027,100,89,"₹8,30,999.00",Open,,HAJ/PAY/2027/043,HAJ/TRV/2027/035,HAJ/BCH/2027/001,"₹2,00,000.00",08/09/2026,Bank Transfer,pending,KVBLR52026090868568428,,H/GL11448/27,HASAN SHADALI VAHITHA BANU,Z7433819,9659408833,₹0.00,0.0%,₹0.00,₹0.00,₹0.00,₹0.00,₹0.00,"₹2,00,000.00",₹0.00,₹0.00,,,,,,,,,,,,,,,,,,,,,,,,,,,,,,,,,,,,,,,,,,,,,,,,,,,,,,,,,,,,,,,,,,,,,,"₹2,00,000.00",08/09/2026,Bank Transfer,HAJ/PAY/2027/043,KVBLR52026090868568428,pending,₹0.00,₹0.00,₹0.00,,,,,,,,,,,,,,,,,,,,,,,,,,,,"₹2,00,000.00",1,0,₹0.00,₹0.00,₹0.00,₹0.00,₹0.00,₹0.00,₹0.00,₹0.00,"₹2,00,000.00",₹0.00,—,—,—,—,—,—,—,—
HAJ/TRV/2027/036,SULTAN ABDUL KADER MARICAR,UMMU HALEEMA BEGUM,SULTAN ABDUL KADER MARICAR UMMU HALEEMA BEGUM,Female,20/05/1973,Active,22/09/2026,HAJ/BCH/2027/001,GOLDEN PACKAGE,R7282860,18/12/2017,17/12/2027,Active,PARANGIPETTAI,CHENNAI,9500702480,sultan10000@gmail.com,4922 5571 9541,AZBPB6700A,Yes,"30, KAJIYAR STREET, PARANGIPETTAI, CUDDALORE - 608502","11, KAJIYAR STREET, PARANGIPETTAI, CUDDALORE - 608502",0,KAJA KAMAL,GHOUSEMA BEEVI,SULTAN ABDUL KADER MARICAR,23/05/2027,H/GL11548/27,No,,,Not Vaccinated,,No,documents\new_20260922_152753\passports\new_20260922_152753_passport_scan_20260922_152804.pdf,,,,HAJ/BCH/2027/001,GOLDEN PACKAGE,Haj,2027,20/04/2027,23/05/2027,100,89,"₹8,30,999.00",Open,,HAJ/PAY/2027/044,HAJ/TRV/2027/036,HAJ/BCH/2027/001,"₹1,40,000.00",22/09/2026,Bank Transfer,pending,IN52626400203422,,H/GL11548/27,SULTAN ABDUL KADER MARICAR UMMU HALEEMA BEGUM,R7282860,9500702480,₹0.00,0.0%,₹0.00,₹0.00,₹0.00,₹0.00,₹0.00,"₹1,40,000.00",₹0.00,₹0.00,,,,,,,,,,,,,,,,,,,,,,,,,,,,,,,,,,,,,,,,,,,,,,,,,,,,,,,,,,,,,,,,,,,,,,"₹1,40,000.00",22/09/2026,Bank Transfer,HAJ/PAY/2027/044,IN52626400203422,pending,₹0.00,₹0.00,₹0.00,,,,,,,,,,,,,,,,,,,,,,,,,,,,"₹1,40,000.00",1,0,₹0.00,₹0.00,₹0.00,₹0.00,₹0.00,₹0.00,₹0.00,₹0.00,"₹1,40,000.00",₹0.00,—,—,—,—,—,—,—,—
