id,traveler_id,batch_id,amount,payment_date,payment_method,status,transaction_id,invoice_id,notes
HAJ/PAY/2027/002,HAJ/TRV/2027/002,HAJ/BCH/2027/001,200000.0,2026-07-08 00:00:00,Bank Transfer,pending,TMBL0000450,,HAJ2027_ADVANCE
HAJ/PAY/2027/003,HAJ/TRV/2027/016,HAJ/BCH/2027/001,200000.0,2026-07-16 00:00:00,Bank Transfer,pending,IDIBH19750411249,,HAJ ADVANCE
HAJ/PAY/2027/004,HAJ/TRV/2027/004,HAJ/BCH/2027/001,200000.0,2026-07-15 00:00:00,Bank Transfer,pending,IDIBH19650251331,,Haj Advance
HAJ/PAY/2027/005,HAJ/TRV/2027/012,HAJ/BCH/2027/002,75000.0,2026-07-16 00:00:00,Bank Transfer,pending,CNRBH00147275896,,Haj Advance
HAJ/PAY/2027/006,HAJ/TRV/2027/012,HAJ/BCH/2027/002,125000.0,2026-07-16 00:00:00,Bank Transfer,pending,CNRBH00147295354,,Haj Advance
HAJ/PAY/2027/009,HAJ/TRV/2027/025,HAJ/BCH/2027/003,50000.0,2026-07-26 00:00:00,Bank Transfer,pending,620751091498,,H/SL30148/27
HAJ/PAY/2027/010,HAJ/TRV/2027/025,HAJ/BCH/2027/003,150000.0,2026-07-26 00:00:00,Bank Transfer,pending,620851499680,,H/SL30248/27
HAJ/PAY/2027/011,HAJ/TRV/2027/026,HAJ/BCH/2027/003,200000.0,2026-07-27 00:00:00,Bank Transfer,pending,620851499863,,H/SL30248/27
HAJ/PAY/2027/012,HAJ/TRV/2027/027,HAJ/BCH/2027/003,200000.0,2026-07-28 00:00:00,Bank Transfer,pending,620951912001,,H/SL30348/27
HAJ/PAY/2027/013,HAJ/TRV/2027/028,HAJ/BCH/2027/003,200000.0,2026-07-28 00:00:00,Bank Transfer,pending,620951912296,,H/SL30448/27
HAJ/PAY/2027/014,HAJ/TRV/2027/029,HAJ/BCH/2027/003,200000.0,2026-08-07 00:00:00,Bank Transfer,pending,IN12621950121965,,H/SL30548/27
HAJ/PAY/2027/015,HAJ/TRV/2027/030,HAJ/BCH/2027/003,200000.0,2026-08-08 00:00:00,Bank Transfer,pending,SCBLH22000564447,,H/SL30648/27
HAJ/PAY/2027/016,HAJ/TRV/2027/006,HAJ/BCH/2027/001,25000.0,2026-08-04 00:00:00,Bank Transfer,pending,621552275603,,H/GL10448/27
HAJ/PAY/2027/017,HAJ/TRV/2027/007,HAJ/BCH/2027/001,25000.0,2026-08-04 00:00:00,Bank Transfer,pending,127314417998,,H/GL10548/27
HAJ/PAY/2027/018,HAJ/TRV/2027/008,HAJ/BCH/2027/001,400000.0,2026-08-08 00:00:00,Bank Transfer,pending,0808i29999180581,,H/GL10648/27
HAJ/PAY/2027/020,HAJ/TRV/2027/010,HAJ/BCH/2027/001,200000.0,2026-08-11 00:00:00,Bank Transfer,pending,KVBLH00267979634,,H/GL10848/27
HAJ/PAY/2027/021,HAJ/TRV/2027/011,HAJ/BCH/2027/001,200000.0,2026-08-11 00:00:00,Bank Transfer,pending,KVBLH00267979634,,H/GL10948/27
HAJ/PAY/2027/022,HAJ/TRV/2027/020,HAJ/BCH/2027/002,200000.0,2026-08-13 00:00:00,Bank Transfer,pending,622515732931,,H/GS20548/27
HAJ/PAY/2027/023,HAJ/TRV/2027/021,HAJ/BCH/2027/002,200000.0,2026-08-13 00:00:00,Bank Transfer,pending,622515735859,,H/GS20648/27
HAJ/PAY/2027/024,HAJ/TRV/2027/019,HAJ/BCH/2027/002,200000.0,2026-08-13 00:00:00,Bank Transfer,pending,622515778658,,H/GS20448/27
HAJ/PAY/2027/025,HAJ/TRV/2027/023,HAJ/BCH/2027/002,200000.0,2026-08-13 00:00:00,Bank Transfer,pending,622515828077,,H/GS20848/27
HAJ/PAY/2027/026,HAJ/TRV/2027/024,HAJ/BCH/2027/002,200000.0,2026-08-13 00:00:00,Bank Transfer,pending,622515828077,,H/GS20948/27
HAJ/PAY/2027/027,HAJ/TRV/2027/022,HAJ/BCH/2027/002,200000.0,2026-08-16 00:00:00,Bank Transfer,pending,622812017254,,H/GS20748/27
HAJ/PAY/2027/028,HAJ/TRV/2027/017,HAJ/BCH/2027/001,200000.0,2026-08-16 00:00:00,Bank Transfer,pending,ICICR12026081612301062,,H/GL11048/27
HAJ/PAY/2027/029,HAJ/TRV/2027/018,HAJ/BCH/2027/001,100000.0,2026-08-16 00:00:00,Bank Transfer,pending,ICICR12026081612301062,,H/GL11148/27
HAJ/PAY/2027/030,HAJ/TRV/2027/018,HAJ/BCH/2027/001,100000.0,2026-08-17 00:00:00,Bank Transfer,pending,IN12622951396380,,H/GL11148/27
HAJ/PAY/2027/031,HAJ/TRV/2027/014,HAJ/BCH/2027/002,100.0,2026-08-18 00:00:00,Bank Transfer,pending,623020631327,,H/GS20248/27
HAJ/PAY/2027/032,HAJ/TRV/2027/014,HAJ/BCH/2027/002,199900.0,2026-08-18 00:00:00,Bank Transfer,pending,623104638620,,H/GS20248/27
HAJ/PAY/2027/033,HAJ/TRV/2027/015,HAJ/BCH/2027/002,200000.0,2026-08-18 00:00:00,Bank Transfer,pending,623104638620,,H/GS20348/27
HAJ/PAY/2027/034,HAJ/TRV/2027/031,HAJ/BCH/2027/002,200000.0,2026-08-27 00:00:00,Bank Transfer,pending,IDIBH23955825350,,H/GS21048/27
HAJ/PAY/2027/035,HAJ/TRV/2027/032,HAJ/BCH/2027/002,200000.0,2026-08-27 00:00:00,Bank Transfer,pending,SBINR52026082740340880,,H/GS21148/27
HAJ/PAY/2027/037,HAJ/TRV/2027/033,HAJ/BCH/2027/001,200000.0,2026-09-19 13:47:53.047038,Bank Transfer,pending,HDFCR52026082952324583,,h/gl11248/27
HAJ/PAY/2027/038,HAJ/TRV/2027/009,HAJ/BCH/2027/001,500000.0,2026-08-30 00:00:00,Bank Transfer,pending,CNRBR52026083095305797,,H/GL10748/27
HAJ/PAY/2027/039,HAJ/TRV/2027/009,HAJ/BCH/2027/001,330999.0,2026-08-31 00:00:00,Bank Transfer,completed,CNRBR52026083195447773,,Balance 370000 including tax received
HAJ/PAY/2027/040,HAJ/TRV/2027/002,HAJ/BCH/2027/001,200000.0,2026-09-03 00:00:00,Bank Transfer,pending,624606506707,,H/GL10148/27
HAJ/PAY/2027/041,HAJ/TRV/2027/002,HAJ/BCH/2027/001,200000.0,2026-09-05 00:00:00,Bank Transfer,pending,MBLH262448008010,,H/GL10148/27
HAJ/PAY/2027/042,HAJ/TRV/2027/002,HAJ/BCH/2027/001,230999.0,2026-09-05 00:00:00,Bank Transfer,completed,624812472444,,H/GL10148/27
HAJ/PAY/2027/043,HAJ/TRV/2027/035,HAJ/BCH/2027/001,200000.0,2026-09-08 00:00:00,Bank Transfer,pending,KVBLR52026090868568428,,H/GL11448/27
HAJ/PAY/2027/044,HAJ/TRV/2027/036,HAJ/BCH/2027/001,140000.0,2026-09-22T15:31:20.825448,Bank Transfer,pending,IN52626400203422,,H/GL11548/27
