id,first_name,last_name,passport_name,batch_id,passport_no,passport_issue_date,passport_expiry_date,passport_status,gender,dob,mobile,email,aadhaar,pan,aadhaar_pan_linked,vaccine_status,wheelchair,place_of_birth,place_of_issue,passport_address,mailing_address,father_name,mother_name,spouse_name,passport_scan,aadhaar_scan,pan_scan,vaccine_scan,photo,pin,emergency_contact,emergency_phone,medical_notes,expected_return_date,file_reference,registration_date,status,extra_fields,passport_scan_path,aadhaar_scan_path,pan_scan_path,vaccine_scan_path,photo_path
HAJ/TRV/2027/002,MEERA SAHIB,RIYAS,MEERA SAHIB RIYAS,HAJ/BCH/2027/001,W5844883,2022-10-14,2032-10-14,Active,Male,1981-07-01,9884033192,anas02042009@gmail.com,218351772754,ALGPR9758M,Yes,Not Vaccinated,No,UDANKUDI,CHENNAI,"21/6, P M DHARGA 6TH STREET, TRIPLICANE, CHENNAI - 600005","21/6, P M DHARGA 6TH STREET, TRIPLICANE, CHENNAI - 600005",MEERA SAHIB,RAGUMATH NISHA,FATHIMA HAJAR,documents\HAJ_TRV_2027_002\passports\HAJ_TRV_2027_002_passport_scan_20260910_133456.pdf,,,,documents\HAJ_TRV_2027_002\photos\HAJ_TRV_2027_002_photo_20260903_173250.jpg,0,FATHIMA HAJAR,9841186164.0,REF: FAIZER BAI,2027-05-21,H/GL10148/27,2026-08-14T16:26:23.804128,Active,,,,,,
HAJ/TRV/2027/004,ANVAR BASHA,ARSHIYA,ANVAR BASHA ARSHIYA,HAJ/BCH/2027/001,AG291744,2025-08-26,2035-08-31,Active,Female,1990-12-30,9488475594,arshiyaanwar10@gmail.com,367557522813,BBUPA2261F,Yes,Not Vaccinated,Yes,NEYVELI,CHENNAI,"12 A, B MANIYARI STREET, TIRUVANNAMALAI - 606601","12 A, B MANIYARI STREET, TIRUVANNAMALAI - 606601",ANVAR BASHA,AYESHA,,,,,,documents\HAJ_TRV_2027_004\photos\HAJ_TRV_2027_004_photo_20260903_181634.jpg,0,AYESHA,9486986168.0,NEYVELI BAI,2027-05-21,H/GL10348/27,2026-08-14T17:32:35.886037,Active,,,,,,
HAJ/TRV/2027/006,THAJUDEEN,NAZIBUDEEN,THAJUDEEN NAZIBUDEEN,HAJ/BCH/2027/001,AA816401,2025-04-24,2035-04-23,Active,Male,1963-01-09,8877997289,nazibudeen@gmail.com,639216058375,ACFPN3820J,Yes,Not Vaccinated,Yes,PUNGANUR,CHENNAI,"ONO.42, NNO. 103 4TH MAIN ROAD, GANDHI NAGAR, ADYAR, CHENNAI - 600020","ONO.42, NNO. 103 4TH MAIN ROAD, GANDHI NAGAR, ADYAR, CHENNAI - 600020",THAJUDEEN,HUMAIRA,NOORUL FARZANA,documents\HAJ_TRV_2027_006\passports\HAJ_TRV_2027_006_passport_scan_20260911_143256.pdf,documents\HAJ_TRV_2027_006\aadhaar\HAJ_TRV_2027_006_aadhaar_scan_20260911_141443.jpeg,documents\HAJ_TRV_2027_006\pan\HAJ_TRV_2027_006_pan_scan_20260910_134202.jpeg,,documents\HAJ_TRV_2027_006\photos\HAJ_TRV_2027_006_photo_20260911_141529.jpg,0,HAFIJUTHEEN . N,7092526565.0,REF . DXB IQBAL,2027-05-21,H/GL10448/27,2026-08-14T17:43:57.012696,Active,,,,,,
HAJ/TRV/2027/007,NAZIBUDEEN,NOORUL FARZANA,NAZIBUDEEN NOORUL FARZANA,HAJ/BCH/2027/001,V1291689,2021-06-30,2031-06-30,Active,Female,1975-04-15,8877997289,nazibudeen@gmail.com,478599589617,BFFPN2109J,Yes,Not Vaccinated,Yes,PUNGANOOR,CHENNAI,"42/103, 4TH MAIN ROAD, GANDHI NAGAR, ADYAR, CHENNAI -600020","42/103, 4TH MAIN ROAD, GANDHI NAGAR, ADYAR, CHENNAI -600020",ABDUL FATTAH,NASEERA SULTANA,NAZIBUDEEN THAJUDEEN,documents\HAJ_TRV_2027_007\passports\HAJ_TRV_2027_007_passport_scan_20260911_143336.pdf,documents\HAJ_TRV_2027_007\aadhaar\HAJ_TRV_2027_007_aadhaar_scan_20260911_141619.jpeg,documents\HAJ_TRV_2027_007\pan\HAJ_TRV_2027_007_pan_scan_20260910_134300.jpeg,,documents\HAJ_TRV_2027_007\photos\HAJ_TRV_2027_007_photo_20260911_141718.jpg,0,HAFIJUTHEEN,7092526565.0,,2027-05-21,H/GL10548/27,2026-08-18T11:33:59.432822,Active,,,,,,
HAJ/TRV/2027/008,KAMALDEEN,RASHEED,KAMALDEEN RASHEED,HAJ/BCH/2027/001,AD505422,2025-06-16,2035-06-15,Active,Male,1975-02-12,9841320342,rashrasheed64@gmail.com,902963767352,ALLPK5459M,Yes,Booster,No,POOVAI NAGAR,CHENNAI,"OLDNO.282, NNO.625, CLV NAGAR, 3RD SREET,KANATHUR, CHENNAI-603112","OLDNO.282, NNO.625, CLV NAGAR, 3RD SREET,KANATHUR, CHENNAI-603112",KAMAL DEEN,AMEENA BEVE,BEEMA PARVEEN,documents\HAJ_TRV_2027_008\passports\HAJ_TRV_2027_008_passport_scan_20260910_134104.pdf,,,,documents\HAJ_TRV_2027_008\photos\HAJ_TRV_2027_008_photo_20260911_141742.jpg,0,MOHAMED YASIR,9940614414.0,,2027-05-21,H/GL10648/27,2026-08-18T11:43:38.104720,Active,,,,,,
HAJ/TRV/2027/009,RASHEED,BEEMA PARVEEN,RASHEED BEEMA PARVEEN,HAJ/BCH/2027/001,AD505429,2025-06-16,2035-06-15,Active,Female,1979-01-25,9444813342,parveenrasheed25@gmail.com,561669090223,,No,Not Vaccinated,No,COIMBATORE,CHENNAI,"OLDNO.282, NNO 625, CLV NAGAR, 3RD STREET, KANATHUR, CHENNAI -603112","OLDNO.282, NNO 625, CLV NAGAR, 3RD STREET, KANATHUR, CHENNAI -603112",MOHAMED HUSSAIN,TAJUNNISA,RASHEED,documents\HAJ_TRV_2027_009\passports\HAJ_TRV_2027_009_passport_scan_20260910_134451.pdf,,,,documents\HAJ_TRV_2027_009\photos\HAJ_TRV_2027_009_photo_20260903_173403.jpg,0,MOHAMMED YASIR,9940614414.0,,2027-05-21,H/GL10748/27,2026-08-18T11:53:18.098392,Active,,,,,,
HAJ/TRV/2027/010,SHAIK ABDUL KADER,HAMEED ABDUL KADER,SHAIK ABDUL KADER HAMEED ABDUL KADER,HAJ/BCH/2027/001,Z6240918,2021-09-22,2031-09-21,Active,Male,1976-03-26,9003064786,hameed@kalima.in,282366644888,AAZPH3007M,Yes,Not Vaccinated,No,PARANGIPETTAI,CHENNAI,"U-1004, THE METROZONE, 44, PILLAIYAR KOIL STREET, J.N. SALAI, ANNA NAGAR WEST, CHENNAI -600040","U-1004, THE METROZONE, 44, PILLAIYAR KOIL STREET, J.N. SALAI, ANNA NAGAR WEST, CHENNAI -600040",SHAIK ABDUL KADER,FATHIMA BEEVI,SHAKAR BANU,documents\HAJ_TRV_2027_010\passports\HAJ_TRV_2027_010_passport_scan_20260910_134906.pdf,,,,documents\HAJ_TRV_2027_010\photos\HAJ_TRV_2027_010_photo_20260910_135022.jpg,0,Abdur rahman,9176144274.0,,2027-05-21,H/GL10848/27,2026-08-18T11:59:05.629214,Active,,,,,,
HAJ/TRV/2027/011,HAMEED ABDUL KADER,SHAHAR BANU,HAMEED ABDUL KADER SHAHAR BANU,HAJ/BCH/2027/001,V6770428,2022-02-08,2032-02-08,Active,Female,1980-03-23,9003064786,,357086122117,ANLPB3417E,Yes,Not Vaccinated,No,PARANGIPETTAI,CHENNAI,"U-1004, THE METROZONE, 44, PILLAIYAR KOIL STREER, J.N. SALAI, ANNA NAGAR WEST, CHENNAI - 600040","U-1004, THE METROZONE, 44, PILLAIYAR KOIL STREER, J.N. SALAI, ANNA NAGAR WEST, CHENNAI - 600040",KADER ALI,UMMA SALMA,HAMEED ABDUL KADER,documents\HAJ_TRV_2027_011\passports\HAJ_TRV_2027_011_passport_scan_20260910_135552.pdf,,,,documents\HAJ_TRV_2027_011\photos\HAJ_TRV_2027_011_photo_20260910_135538.jpg,0,Abdur rahman,9176144274.0,,2027-05-21,H/GL10948/27,2026-08-18T12:04:30.104706,Active,,,,,,
HAJ/TRV/2027/012,MOHAMED RAFEEK,SYED ABUTHAHIR,MOHAMED RAFEEK SYED ABUTHAHIR,HAJ/BCH/2027/002,Y7187613,2023-08-08,2033-08-07,Active,Male,1985-11-28,+66 95 790 7101,abuthahir2785@gmail.com,789182182181,EJNPA4169N,Yes,Not Vaccinated,No,THONDI,MADURAI,"7/1, MOHAMED ABDUL KADER STREET, THONDI, THIRUVADANAI TK, RAMANATHAPURAM - 623409","7/1, MOHAMED ABDUL KADER STREET, THONDI, THIRUVADANAI TK, RAMANATHAPURAM - 623409",MOHAMED RAFEEK,SITHI MASOODHA,,documents\HAJ_TRV_2027_012\passports\HAJ_TRV_2027_012_passport_scan_20260911_142026.pdf,documents\HAJ_TRV_2027_012\aadhaar\HAJ_TRV_2027_012_aadhaar_scan_20260911_143532.jpeg,documents\HAJ_TRV_2027_012\pan\HAJ_TRV_2027_012_pan_scan_20260911_142100.jpeg,,documents\HAJ_TRV_2027_012\photos\HAJ_TRV_2027_012_photo_20260911_142112.jpeg,0,SITHI MASOODHA,8015441071.0,,2027-05-26,H/GS20148/27,2026-08-18T13:14:23.024594,Active,,,,,,
HAJ/TRV/2027/014,SUHAIL,AHMED KABEER,SUHAIL AHMED KABEER,HAJ/BCH/2027/002,Z5299337,2019-02-27,2029-02-26,Active,Male,1985-07-03,+65 8590 0849,ssuhaill@gmail.com,288649589222,AVMPS5500N,Yes,Not Vaccinated,No,CHENNAI,SINGAPORE,"1/13, AVENUE ROAD, NUNGAMBAKKAM, CHENNAI -600034","1/13, AVENUE ROAD, NUNGAMBAKKAM, CHENNAI -600034",NOORUL AMEEN,NISVATHUL JENNA,MARIAM SHIRAFIA,documents\HAJ_TRV_2027_014\passports\HAJ_TRV_2027_014_passport_scan_20260911_142150.pdf,documents\HAJ_TRV_2027_014\aadhaar\HAJ_TRV_2027_014_aadhaar_scan_20260911_143014.pdf,documents\HAJ_TRV_2027_014\pan\HAJ_TRV_2027_014_pan_scan_20260911_142241.jpeg,,documents\HAJ_TRV_2027_014\photos\HAJ_TRV_2027_014_photo_20260911_142255.jpeg,0,NOORUL AMEEN,9176199572.0,,2027-05-26,H/GS20248/27,2026-08-18T15:11:59.606230,Active,,,,,,
HAJ/TRV/2027/015,SATHAKATHUL HAMEED,MARIAM SHIRAFIA,SATHAKATHUL HAMEED MARIAM SHIRAFIA,HAJ/BCH/2027/002,V6139740,2021-04-15,2031-04-14,Active,Female,1985-07-15,+6583482632,mariam.shirafia@gmail.com,581927193710,BCXPM4583L,Yes,Not Vaccinated,No,CHENNAI,SINGAPORE,"NO.20A, NAGESWARA ROAD, NUNGAMBAKKAM, CHENNAI -600034","NO.20A, NAGESWARA ROAD, NUNGAMBAKKAM, CHENNAI -600034",SATHAKATHUL HAMEED,HAMEED AYSHA,SUHAIL AHMED KABEER,documents\HAJ_TRV_2027_015\passports\HAJ_TRV_2027_015_passport_scan_20260911_142354.pdf,documents\HAJ_TRV_2027_015\aadhaar\HAJ_TRV_2027_015_aadhaar_scan_20260911_142906.pdf,documents\HAJ_TRV_2027_015\pan\HAJ_TRV_2027_015_pan_scan_20260911_142912.pdf,,documents\HAJ_TRV_2027_015\photos\HAJ_TRV_2027_015_photo_20260911_142919.jpeg,0,NOORUL AMEEN,9176199572.0,,2027-05-26,H/GS20348/27,2026-08-18T15:20:51.797616,Active,,,,,,
HAJ/TRV/2027/016,MUHAMMED KASIM,AYESHA,MUHAMMED KASIM AYESHA,HAJ/BCH/2027/001,AH467006,2025-10-03,2035-10-02,Active,Female,1967-05-20,9487239969,arshiyaanwar@gmail.com,659728331928,AUWPA3824G,Yes,Not Vaccinated,No,NEYVELI,CHENNAI,"12A, B MANIYARI STREET, TIRUVANNAMALAI - 606601","12A, B MANIYARI STREET, TIRUVANNAMALAI - 606601",MUHAMMED KASIM,ZAIBUNNISA,ANVARBASHA,,,,,documents\HAJ_TRV_2027_016\photos\HAJ_TRV_2027_016_photo_20260911_143112.jpg,0,ARSHIYA,8610118050.0,NEYVELI BAI REF,2027-05-21,H/GL10248/27,2026-08-20T15:08:05.387847,Active,,,,,,
HAJ/TRV/2027/017,ABBAS MARICAR,HAJA HASSAN,ABBAS MARICAR HAJA HASSAN,HAJ/BCH/2027/001,C5699524,2025-06-04,2035-06-03,Active,Male,1980-11-18,+65 9777 2726,hajahassan995@gmail.com,273146970714,ACGPH5411G,Yes,Not Vaccinated,No,SALEM,SINGAPORE,"44/23, BIG STREET, PARANGIPETTAI , CUDDALORE - 608502","44/23, BIG STREET, PARANGIPETTAI , CUDDALORE - 608502",ABBAS MARICAR,HAMEEDAUNISA,K MOHIDEEN NACHIAR,documents\HAJ_TRV_2027_017\passports\HAJ_TRV_2027_017_passport_scan_20260911_143613.pdf,documents\HAJ_TRV_2027_017\aadhaar\HAJ_TRV_2027_017_aadhaar_scan_20260911_143657.pdf,documents\HAJ_TRV_2027_017\pan\HAJ_TRV_2027_017_pan_scan_20260911_143649.pdf,,documents\HAJ_TRV_2027_017\photos\HAJ_TRV_2027_017_photo_20260911_143707.jpg,0,ABDUR RAHMAN,9176144274.0,,2027-05-21,H/GL11048/27,2026-08-22T14:46:07.090715,Active,,,,,,
HAJ/TRV/2027/018,KADER ALI MARICAR,MOHIDEEN NACHIAR,KADER ALI MARICAR MOHIDEEN NACHIAR,HAJ/BCH/2027/001,T27323386,2019-03-12,2029-03-11,Active,Female,1986-05-22,+6580341038,hajahassan995@gmail.com,893627944988,BSJPM0686E,No,Not Vaccinated,No,CUDDALORE,CHENNAI,"NO.3, SANARA MUDUKKU , PARANGIPETTAI, CUDDALORE - 608502","NO.3, SANARA MUDUKKU , PARANGIPETTAI, CUDDALORE - 608502",KADER ALI MARICAR,UMMA SALMA,ABBAS MARICAR HAJA HASSAN,documents\HAJ_TRV_2027_018\passports\HAJ_TRV_2027_018_passport_scan_20260911_143804.pdf,documents\HAJ_TRV_2027_018\aadhaar\HAJ_TRV_2027_018_aadhaar_scan_20260911_143818.pdf,documents\HAJ_TRV_2027_018\pan\HAJ_TRV_2027_018_pan_scan_20260911_143823.pdf,,documents\HAJ_TRV_2027_018\photos\HAJ_TRV_2027_018_photo_20260911_143833.jpg,0,ABDUR RAHMAN,9176144274.0,,2027-05-21,H/GL11148/27,2026-08-22T14:53:20.027962,Active,,,,,,
HAJ/TRV/2027/019,YACOOB,MOHAMED RAFI,YACOOB MOHAMED RAFI,HAJ/BCH/2027/002,C2201788,2024-09-10,2034-09-09,Active,Male,1983-02-17,9841809084,,680812728614,AZDPR2184E,Yes,Not Vaccinated,No,CHENNAI,CHENNAI,"NO.26/11, AZEEZ MOHAMED GHOUSE STREET, OLD WASHERMENPET, CHENNAI -600021","NO.26/11, AZEEZ MOHAMED GHOUSE STREET, OLD WASHERMENPET, CHENNAI -600021",MOHAMED YACOOB,NAZEERA BEE,FEROZA,,,,,documents\HAJ_TRV_2027_019\photos\HAJ_TRV_2027_019_photo_20260911_143936.jpg,0,,,,2027-05-26,H/GS20448/27,2026-08-22T15:00:20.155435,Active,,,,,,
HAJ/TRV/2027/020,RAFI,FEROZA,RAFI FEROZA,HAJ/BCH/2027/002,C7147527,2025-01-02,2035-01-01,Active,Female,1992-09-15,8838285750,,648071147738,AEHPF3224l,Yes,Not Vaccinated,No,CHENNAI,CHENNAI,"NO.26/11, AZEEZ MOHAMED GHOUSE STREET, OLD WASHERMENPET, CHENNAI -600021","NO.26/11, AZEEZ MOHAMED GHOUSE STREET, OLD WASHERMENPET, CHENNAI -600021",KHADAR BASHA,CHANMA,MOHAMED RAFI,,,,,documents\HAJ_TRV_2027_020\photos\HAJ_TRV_2027_020_photo_20260911_144000.jpg,0,,,,2027-05-26,H/GS20548/27,2026-08-22T15:04:59.515983,Active,,,,,,
HAJ/TRV/2027/021,YACOOB,NAZEERA BEE,YACOOB NAZEERA BEE,HAJ/BCH/2027/002,B6480245,2023-10-23,2033-10-22,Active,Female,1960-03-10,9841809084,,405291514443,BWKPN6837R,Yes,Not Vaccinated,No,CHENNAI,CHENNAI,"26/11, AZEES MOHAMMED GHOUSE STREET, OLD WASHERMENPET, CHENNAI - 600021","26/11, AZEES MOHAMMED GHOUSE STREET, OLD WASHERMENPET, CHENNAI - 600021",ALLAH BAKASH,BANU BEE,MOHAMED YACOOB,documents\HAJ_TRV_2027_021\passports\HAJ_TRV_2027_021_passport_scan_20260911_144028.pdf,,,,documents\HAJ_TRV_2027_021\photos\HAJ_TRV_2027_021_photo_20260912_155424.jpg,0,,,,2027-05-26,H/GS20648/27,2026-08-22T15:11:32.827974,Active,,,,,,
HAJ/TRV/2027/022,RAFI,MOHAMMED IMTIAZ,RAFI MOHAMMED IMTIAZ,HAJ/BCH/2027/002,C7146151,2025-01-01,2034-12-31,Active,Male,2007-09-29,6385312367,rmdimtiaz56@gmail.com,217622529181,KCYPM7396M,Yes,Not Vaccinated,No,CHENNAI,CHENNAI,"NO.26/11, AZEEZ MOHAMED GHOUSE STREET, OLD WASHERMENPET, CHENNAI - 600021","NO.26/11, AZEEZ MOHAMED GHOUSE STREET, OLD WASHERMENPET, CHENNAI - 600021",MOHAMED RAFI,FEROZA,,,,,,documents\HAJ_TRV_2027_022\photos\HAJ_TRV_2027_022_photo_20260911_144100.jpg,0,,,,2027-05-26,H/GS20748/27,2026-08-22T15:18:19.284529,Active,,,,,,
HAJ/TRV/2027/023,RAFI,MOHAMMED RAIHAAN,RAFI MOHAMMED RAIHAAN,HAJ/BCH/2027/002,C7139412,2024-12-27,2028-03-07,Active,Male,2010-03-08,8438585750,,846275491490,,No,Not Vaccinated,No,CHENNAI,CHENNAI,"NO.26/11, AZEEZ MOHAMED GHOUSE STREET, OLD WASHERMENPET, CHENNAI - 600021","NO.26/11, AZEEZ MOHAMED GHOUSE STREET, OLD WASHERMENPET, CHENNAI - 600021",MOHAMED RAFI,FEROZA,,,,,,documents\HAJ_TRV_2027_023\photos\HAJ_TRV_2027_023_photo_20260911_144120.jpg,0,,,,2027-05-26,H/GS20848/27,2026-08-22T15:23:02.588785,Active,,,,,,
HAJ/TRV/2027/024,RAFI,MOHAMMED FARHAAN,RAFI MOHAMMED FARHAAN,HAJ/BCH/2027/002,C7145730,2025-01-01,2029-12-31,Active,Male,2015-11-18,9841809084,,265472008937,,No,Not Vaccinated,No,CHENNAI,CHENNAI,"NO.26/11, AZEEZ MOHAMED GHOUSE STREET, OLD WASHERMENPET, CHENNAI - 600021","NO.26/11, AZEEZ MOHAMED GHOUSE STREET, OLD WASHERMENPET, CHENNAI - 600021",MOHAMED RAFI,FEROZA,,,,,,documents\HAJ_TRV_2027_024\photos\HAJ_TRV_2027_024_photo_20260911_144138.jpg,0,,,,2027-05-26,H/GS20948/27,2026-08-22T15:26:38.997017,Active,,,,,,
HAJ/TRV/2027/025,MOHAMMED SHERFUDEEN,IDRIS,MOHAMMED SHERFUDEEN IDRIS,HAJ/BCH/2027/003,Y2013054,2024-04-25,2034-04-24,Active,Male,1981-03-01,7339158363,iniyan-che@yahoo.co.in,890019717208,AAMPI9658Q,Yes,Not Vaccinated,No,TRICHY,COIMBATORE,"NO.95, PANDIYARAJAN STREET, SALEM - 636001","NO.95, PANDIYARAJAN STREET, SALEM - 636001",MOHAMMED SHERFUDEEN,RAMEEJA BI,SALEENA,,,,,documents\HAJ_TRV_2027_025\photos\HAJ_TRV_2027_025_photo_20260911_144230.jpg,0,,,,2027-06-13,H/SL30148/27,2026-08-22T15:36:19.869476,Active,,,,,,
HAJ/TRV/2027/026,AHAMED BASHEER,SALEENA,AHAMED BASHEER SALEENA,HAJ/BCH/2027/003,Y2013051,2024-04-25,2034-04-24,Active,Female,1985-10-09,9943314688,iniyan-che@yahoo.co.in,446396887515,DPEPS2289B,Yes,Not Vaccinated,No,COIMBATORE,COIMBATORE,"NO.95, PANDIYARAJAN STREET, SALEM - 636001","NO.95, PANDIYARAJAN STREET, SALEM - 636001",AHAMED BASHEER SULAIMAN,SHAKILA BANU AHAMED BASHEER,IDRIS MOHAMMED SHERFUDEEN,,,,,documents\HAJ_TRV_2027_026\photos\HAJ_TRV_2027_026_photo_20260911_153048.jpg,0,AHAMED BASHEER,9843014688.0,,2027-06-13,H/SL30248/27,2026-08-22T15:50:57.529659,Active,,,,,,
HAJ/TRV/2027/027,IDRIS,MARIAM HASNA,IDRIS MARIAM HASNA,HAJ/BCH/2027/003,Y2011960,2024-04-23,2034-04-22,Active,Female,2009-03-09,9944344958,iniyan-che@yahoo.co.in,712330097674,,No,Not Vaccinated,No,COIMBATORE,COIMBATORE,"NO.95, PANDIYARAJAN STREET, SALEM - 636001","NO.95, PANDIYARAJAN STREET, SALEM - 636001",IDRIS MOHAMMED SHERFUDEEN,SALEENA AHAMED BASHEER,,,,,,documents\HAJ_TRV_2027_027\photos\HAJ_TRV_2027_027_photo_20260911_144419.jpg,0,,,,2027-06-13,H/SL30348/27,2026-08-22T15:55:17.182074,Active,,,,,,
HAJ/TRV/2027/028,IDRIS,MOHAMED HARITH,IDRIS MOHAMED HARITH,HAJ/BCH/2027/003,Y2011959,2024-04-23,2029-04-22,Active,Male,2012-04-10,9363310965,iniyan-che@yahoo.co.in,545433629833,,No,Not Vaccinated,No,COIMBATORE,COIMBATORE,"NO.95, PANDIYARAJAN STREET, SALEM - 636001","NO.95, PANDIYARAJAN STREET, SALEM - 636001",IDRIS MOHAMMED SHERFUDEEN,SALEENA AHAMED BASHEER,,,,,,documents\HAJ_TRV_2027_028\photos\HAJ_TRV_2027_028_photo_20260911_144438.jpg,0,AHAMED BASHEER,9843014688.0,,2027-06-13,H/SL30448/27,2026-08-22T15:59:39.342509,Active,,,,,,
HAJ/TRV/2027/029,MOHAMEDHANIFA,KAJAMOHIDEEN,MOHAMEDHANIFA KAJAMOHIDEEN,HAJ/BCH/2027/003,T4603838,2019-03-18,2029-03-17,Active,Male,1956-10-02,9994535117,rafeeq51.islam@gmail.com,522572081874,ARCPK1117H,Pending,Booster,No,ARAVAKRICHI,TRICHY,"NO.89AB2, NNO.91, DHARKA STREET, ARAVAKURICHI PO, KARUR- 639201","NO.89AB2, NNO.91, DHARKA STREET, ARAVAKURICHI PO, KARUR- 639201",MOHAMEDHANIFA,HABIBUNISHA,AYSIYA BEGAM,,,,,documents\HAJ_TRV_2027_029\photos\HAJ_TRV_2027_029_photo_20260911_144506.jpg,0,,,,2027-06-13,H/SL30548/27,2026-08-22T16:05:12.614547,Active,,,,,,
HAJ/TRV/2027/030,KAJAMAYTHIN,ASIYAMMAL,KAJAMAYTHIN ASIYAMMAL,HAJ/BCH/2027/003,BA536894,2026-09-16,2036-09-15,Active,Female,1965-05-06,9994535117,rafeeq510.islam@gmail.com,612263102877,GKRPA6918J,No,Not Vaccinated,No,ARAVAKURICHI,TIRUCHIRAPPALLI,"NO.89, PUTHU THERU, ARAVAKURICHI, KARUR - 639201","NO.89, PUTHU THERU, ARAVAKURICHI, KARUR - 639201",MOHAMED ABDUL KADER,NOORAMMAL,KAJAMAYTHIN,,,,,documents\HAJ_TRV_2027_030\photos\HAJ_TRV_2027_030_photo_20260911_144538.jpg,0,AARIFA,8105286575.0,,2027-06-13,H/SL30648/27,2026-08-22T16:10:46.527031,Active,,,,,,
HAJ/TRV/2027/031,KADER MOHIDEEN,SHAIK MEERAN,KADER MOHIDEEN SHAIK MEERAN,HAJ/BCH/2027/002,U3182267,2020-02-06,2030-02-05,Active,Male,1987-01-21,9600002985,shaikmeeran15@gmail.com,669320619200,DJHPS5188A,Yes,Not Vaccinated,No,NAGERCOIL,CHENNAI,"7,2ND MAIN ROAD, SADIQ BASHA NAGAR, VIRUGAMBAKKAM, CHENNAI - 600092","NNO.8, ONO.14, PLOT NO.22, MOSQUE STREET, SADIQ BASHA NAGAR, ALWARTHIRUNAGAR, CHENNAI - 600087",KADER MOHIDEEN,REGINA KADER,,documents\HAJ_TRV_2027_031\passports\HAJ_TRV_2027_031_passport_scan_20260911_145420.pdf,,,,documents\HAJ_TRV_2027_031\photos\HAJ_TRV_2027_031_photo_20260911_145428.jpg,0,,,,2027-05-26,H/GS21048/27,2026-09-01T15:56:24.003635,Active,,,,,,
HAJ/TRV/2027/032,SHAIK MEERAN,FATHIMA RUKSHANA,SHAIK MEERAN FATHIMA RUKSHANA,HAJ/BCH/2027/002,Y3572537,2024-06-13,2034-06-12,Active,Female,1996-05-15,9159436230,rukshana151996@gmail.com,923418751900,AFEPF6843D,Yes,Not Vaccinated,No,NAGERCOIL,CHENNAI,"NNO.8, ONNO.14, PLOT NO 22, MOSQUE STREET, SADHIK BASHA NGR, ALWARTHIRUNAGAR, CHENNAI - 600087","NNO.8, ONNO.14, PLOT NO 22, MOSQUE STREET, SADHIK BASHA NGR, ALWARTHIRUNAGAR, CHENNAI - 600087",MEERA SAHIB,MUTHU KATHIJA,SHAIK MEERAN,documents\HAJ_TRV_2027_032\passports\HAJ_TRV_2027_032_passport_scan_20260911_145458.pdf,,,,documents\HAJ_TRV_2027_032\photos\HAJ_TRV_2027_032_photo_20260911_145503.jpg,0,,,,2027-05-26,H/GS21148/27,2026-09-01T16:03:09.331616,Active,,,,,,
HAJ/TRV/2027/033,AHAMED MOHIDEEN,NAZEEM BANU,AHAMED MOHIDEEN NAZEEM BANU,HAJ/BCH/2027/001,B7087966,2023-11-09,2033-11-08,Active,Female,1968-11-27,9500088808,fayzahm@gmail.com,367649127057,BDFPN8367L,Yes,Not Vaccinated,No,CHENNAI,CHENNAI,"2A, A3 GROUND FLOOR, MAHALAKSHMI  APARTMENT, ADAMBAKKAM, CHENNAI -600088","2A, A3 GROUND FLOOR, MAHALAKSHMI  APARTMENT, ADAMBAKKAM, CHENNAI -600088",K M S SALAHUDDIN,ZUBAIDHA,AHAMED MOHIDEEN,,,,,documents\new_20260912_152510\photos\new_20260912_152510_photo_20260912_152510.jpg,0,FAYAZ AHMED A,9500088808.0,,2027-05-23,H/GL11248/27,2026-09-12T15:27:10.822509,Active,,,,,,
HAJ/TRV/2027/034,KUTHUBUDEEN,HASAN SADHALI,KUTHUBUDEEN HASAN SADHALI,HAJ/BCH/2027/001,U8785610,2023-03-23,2033-03-22,Active,Male,1970-05-18,9449844400,arsathh08@gmail.com,698615802395,ABTPH7768N,No,Not Vaccinated,No,MAYAKULAM,COIMBATORE,"15, CHAIRMAN RATHINASAMY STREET, SHEVAPET, SALEM - 636002","788, NEW LUCKY MALIGAI, SHEVAPET, SALEM - 636002",KUTHUBUDEEN,SEENI IBRAHIM UMMAL,VAHITHA BANU,documents\HAJ_TRV_2027_034\passports\HAJ_TRV_2027_034_passport_scan_20260912_155646.pdf,,documents\HAJ_TRV_2027_034\pan\HAJ_TRV_2027_034_pan_scan_20260912_155850.pdf,,documents\new_20260912_153514\photos\new_20260912_153514_photo_20260912_153514.jpg,0,MOHAMED ARSATH,9514444700.0,,2027-05-23,H/GL11348/27,2026-09-12T15:35:52.756784,Active,,,,,,
HAJ/TRV/2027/035,HASAN SHADALI,VAHITHA BANU,HASAN SHADALI VAHITHA BANU,HAJ/BCH/2027/001,Z7433819,2023-11-20,2033-11-19,Active,Female,1972-02-20,9659408833,arsathh08@gmail.com,482303890734,BJFPV0395C,Yes,Not Vaccinated,No,RAMANATHAPURAM,COIMBATORE,"15, CHAIRMAN RATHINASAMY STREET, SHEVAPET, SALEM -636002","788, NEW LUCKY MALIGAI, SHEVAPET, SALEM - 636002",NAHEEM,SITHI MALLIKA,HASAN SHADALI,documents\new_20260912_154413\passports\new_20260912_154413_passport_scan_20260912_154447.pdf,,documents\HAJ_TRV_2027_035\pan\HAJ_TRV_2027_035_pan_scan_20260912_155933.pdf,,documents\new_20260912_154413\photos\new_20260912_154413_photo_20260912_154413.jpg,0,MOHAMMED ARSATH,9514444700.0,,2027-05-23,H/GL11448/27,2026-09-12T15:45:26.682269,Active,,,,,,
HAJ/TRV/2027/036,SULTAN ABDUL KADER MARICAR,UMMU HALEEMA BEGUM,SULTAN ABDUL KADER MARICAR UMMU HALEEMA BEGUM,HAJ/BCH/2027/001,R7282860,2017-12-18,2027-12-17,Active,Female,1973-05-20,9500702480,sultan10000@gmail.com,492255719541,AZBPB6700A,Yes,Not Vaccinated,No,PARANGIPETTAI,CHENNAI,"30, KAJIYAR STREET, PARANGIPETTAI, CUDDALORE - 608502","11, KAJIYAR STREET, PARANGIPETTAI, CUDDALORE - 608502",KAJA KAMAL,GHOUSEMA BEEVI,SULTAN ABDUL KADER MARICAR,documents\new_20260922_152753\passports\new_20260922_152753_passport_scan_20260922_152804.pdf,,,,documents\new_20260922_152753\photos\new_20260922_152753_photo_20260922_152753.jpg,0000,,,,2027-05-23,H/GL11548/27,2026-09-22T15:28:52.937561,Active,,,,,,
