ID,First Name,Last Name,Passport Name,Gender,Date of Birth,Batch Name,Passport Number,Passport Expiry,Mobile,Email,Aadhaar,PAN,Vaccine Status,File Reference,Status
HAJ/TRV/2027/002,MEERA SAHIB,RIYAS,MEERA SAHIB RIYAS,Male,01/07/1981,GOLDEN PACKAGE,W5844883,14/10/2032,9884033192,anas02042009@gmail.com,218351772754,ALGPR9758M,Partially Vaccinated,H/GL10148/27,Active
HAJ/TRV/2027/004,ANVAR BASHA,ARSHIYA,ANVAR BASHA ARSHIYA,Female,30/12/1990,GOLDEN PACKAGE,AG291744,31/08/2035,9488475594,arshiyaanwar10@gmail.com,367557522813,BBUPA2261F,Not Vaccinated,H/GL10348/27,Active
HAJ/TRV/2027/006,THAJUDEEN,NAZIBUDEEN,THAJUDEEN NAZIBUDEEN,Male,09/01/1963,GOLDEN PACKAGE,AA816401,23/04/2035,8877997289,nazibudeen@gmail.com,639216058375,ACFPN3820J,Not Vaccinated,H/GL10448/27,Active
HAJ/TRV/2027/007,NAZIBUDEEN,NOORUL FARZANA,NAZIBUDEEN NOORUL FARZANA,Female,15/04/1975,GOLDEN PACKAGE,v1291689,30/06/2031,8877997289,nazibudeen@gmail.com,478599589617,BFFPN2109J,Not Vaccinated,H/GL10548/27,Active
HAJ/TRV/2027/008,KAMALDEEN,RASHEED,KAMALDEEN RASHEED,Male,12/02/1975,GOLDEN PACKAGE,AD505422,15/06/2035,9841320342,rashrasheed64@gmail.com,902963767352,ALLPK5459M,Booster,H/GL10648/27,Active
HAJ/TRV/2027/009,RASHEED,BEEMA PARVEEN,RASHEED BEEMA PARVEEN,Female,25/01/1979,GOLDEN PACKAGE,AD505429,15/06/2035,9444813342,parveenrasheed25@gmail.com,561669090223,,Not Vaccinated,H/GL10748/27,Active
HAJ/TRV/2027/010,SHAIK ABDUL KADER,HAMEED ABDUL KADER,SHAIK ABDUL KADER HAMEED ABDUL KADER,Male,26/03/1976,GOLDEN PACKAGE,Z6240918,21/09/2031,9003064786,hameed@kalima.in,282366644888,AAZPH3007M,Not Vaccinated,H/GL10848/27,Active
HAJ/TRV/2027/011,HAMEED ABDUL KADER,SHAHAR BANU,HAMEED ABDUL KADER SHAHAR BANU,Female,23/03/1980,GOLDEN PACKAGE,V6770428,08/02/2032,9003064786,,357086122117,ANLPB3417E,Not Vaccinated,H/GL10948/27,Active
HAJ/TRV/2027/012,MOHAMED RAFEEK,SYED ABUTHAHIR,MOHAMED RAFEEK SYED ABUTHAHIR,Male,28/11/1985,GOLDEN SHORT,Y7187613,07/08/2033,+66 95 790 7101,abuthahir2785@gmail.com,789182182181,EJNPA4169N,Not Vaccinated,H/GS20148/27,Active
HAJ/TRV/2027/014,SUHAIL,AHMED KABEER,SUHAIL AHMED KABEER,Male,03/07/1985,GOLDEN SHORT,Z5299337,26/02/2029,+65 8590 0849,ssuhaill@gmail.com,288649589222,AVMPS5500N,Not Vaccinated,H/GS20248/27,Active
HAJ/TRV/2027/015,SATHAKATHUL HAMEED,MARIAM SHIRAFIA,SATHAKATHUL HAMEED MARIAM SHIRAFIA,Female,15/07/1985,GOLDEN SHORT,V6139740,14/04/2031,+6583482632,mariam.shirafia@gmail.com,581927193710,BCXPM4583L,Not Vaccinated,H/GS20348/27,Active
HAJ/TRV/2027/016,MUHAMMED KASIM,AYESHA,MUHAMMED KASIM AYESHA,Female,20/05/1967,GOLDEN PACKAGE,AH467006,02/10/2035,9487239969,arshiyaanwar@gmail.com,659728331928,AUWPA3824G,Not Vaccinated,H/GL10248/27,Active
HAJ/TRV/2027/017,ABBAS MARICAR,HAJA HASSAN,ABBAS MARICAR HAJA HASSAN,Male,18/11/1980,GOLDEN PACKAGE,C5699524,03/06/2035,+65 9777 2726,hajahassan995@gmail.com,273146970714,ACGPH5411G,Not Vaccinated,H/GL11048/27,Active
HAJ/TRV/2027/018,KADER ALI MARICAR,MOHIDEEN NACHIAR,KADER ALI MARICAR MOHIDEEN NACHIAR,Female,22/05/1986,GOLDEN PACKAGE,T27323386,11/03/2029,+6580341038,hajahassan995@gmail.com,893627944988,BSJPM0686E,Not Vaccinated,H/GL11148/27,Active
HAJ/TRV/2027/019,YACOOB,MOHAMED RAFI,YACOOB MOHAMED RAFI,Male,17/02/1983,GOLDEN SHORT,C2201788,09/09/2034,9841809084,,680812728614,AZDPR2184E,Not Vaccinated,H/GS20448/27,Active
HAJ/TRV/2027/020,RAFI,FEROZA,RAFI FEROZA,Female,15/09/1992,GOLDEN SHORT,C7147527,01/01/2035,8838285750,,648071147738,AEHPF3224l,Not Vaccinated,H/GS20548/27,Active
HAJ/TRV/2027/021,YACOOB,NAZEERA BEE,YACOOB NAZEERA BEE,Female,10/03/1960,GOLDEN SHORT,B6480245,22/10/2033,9841809084,,405291514443,BWKPN6837R,Not Vaccinated,H/GS20648/27,Active
HAJ/TRV/2027/022,RAFI,MOHAMMED IMTIAZ,RAFI MOHAMMED IMTIAZ,Male,29/09/2007,GOLDEN SHORT,C7146151,31/12/2034,6385312367,rmdimtiaz56@gmail.com,217622529181,KCYPM7396M,Not Vaccinated,H/GS20748/27,Active
HAJ/TRV/2027/023,RAFI,MOHAMMED RAIHAAN,RAFI MOHAMMED RAIHAAN,Male,08/03/2010,GOLDEN SHORT,C7139412,07/03/2028,8438585750,,846275491490,,Not Vaccinated,H/GS20848/27,Active
HAJ/TRV/2027/024,RAFI,MOHAMMED FARHAAN,RAFI MOHAMMED FARHAAN,Male,18/11/2015,GOLDEN SHORT,C7145730,31/12/2029,9841809084,,265472008937,,Not Vaccinated,H/GS20948/27,Active
HAJ/TRV/2027/025,MOHAMMED SHERFUDEEN,IDRIS,MOHAMMED SHERFUDEEN IDRIS,Male,01/03/1981,SILVER PACKAGE,Y2013054,24/04/2034,7339158363,iniyan-che@yahoo.co.in,890019717208,AAMPI9658Q,Not Vaccinated,H/SL30148/27,Active
HAJ/TRV/2027/026,AHAMED BASHEER,SALEENA,AHAMED BASHEER SALEENA,Female,09/10/1985,SILVER PACKAGE,Y2013051,24/04/2034,9943314688,iniyan-che@yahoo.co.in,446396887515,DPEPS2289B,Not Vaccinated,H/SL30248/27,Active
HAJ/TRV/2027/027,IDRIS,MARIAM HASNA,IDRIS MARIAM HASNA,Female,09/03/2009,SILVER PACKAGE,Y2011960,22/04/2034,9944344958,iniyan-che@yahoo.co.in,712330097674,,Not Vaccinated,H/SL30348/27,Active
HAJ/TRV/2027/028,IDRIS,MOHAMED HARITH,IDRIS MOHAMED HARITH,Male,10/04/2012,SILVER PACKAGE,Y2011959,22/04/2029,9363310965,iniyan-che@yahoo.co.in,545433629833,,Not Vaccinated,H/SL30448/27,Active
HAJ/TRV/2027/029,MOHAMEDHANIFA,KAJAMOHIDEEN,MOHAMEDHANIFA KAJAMOHIDEEN,Male,02/10/1956,SILVER PACKAGE,T4603838,17/03/2029,9994535117,rafeeq51.islam@gmail.com,522572081874,ARCPK1117H,Booster,H/SL30548/27,Active
HAJ/TRV/2027/030,KAJAMAYTHIN,ASIYAMMAL,KAJAMAYTHIN ASIYAMMAL,Female,06/05/1965,SILVER PACKAGE,XXXX,21/08/2027,9994535117,rafeeq510.islam@gmail.com,612263102877,GKRPA6918J,Not Vaccinated,,Active
HAJ/TRV/2027/031,KADER MOHIDEEN,SHAIK MEERAN,KADER MOHIDEEN SHAIK MEERAN,Male,21/01/1987,GOLDEN SHORT,U3182267,05/02/2030,9600002985,shaikmeeran15@gmail.com,669320619200,DJHPS5188A,Not Vaccinated,H/GS21048/27,Active
HAJ/TRV/2027/032,SHAIK MEERAN,FATHIMA RUKSHANA,SHAIK MEERAN FATHIMA RUKSHANA,Female,15/05/1996,GOLDEN SHORT,Y3572537,12/06/2034,9159436230,rukshana151996@gmail.com,923418751900,AFEPF6843D,Not Vaccinated,H/GS21148/27,Active
HAJ/TRV/2027/033,AHAMED MOHIDEEN,NAZEEM BANU,AHAMED MOHIDEEN NAZEEM BANU,Female,27/11/1968,GOLDEN PACKAGE,B7087966,08/11/2033,9500088808,fayzahm@gmail.com,367649127057,BDFPN8367L,Not Vaccinated,H/GL11248/27,Active
HAJ/TRV/2027/034,KUTHUBUDEEN,HASAN SADHALI,KUTHUBUDEEN HASAN SADHALI,Male,18/05/1970,GOLDEN PACKAGE,U8785610,22/03/2033,9449844400,arsathh08@gmail.com,698615802395,ABTPH7768N,Not Vaccinated,H/GL11348/27,Active
HAJ/TRV/2027/035,HASAN SHADALI,VAHITHA BANU,HASAN SHADALI VAHITHA BANU,Female,20/02/1972,GOLDEN PACKAGE,z7433819,19/11/2033,9659408833,arsathh08@gmail.com,482303890734,BJFPV0395C,Not Vaccinated,H/GL11448/27,Active
