id,user_id,action,timestamp,details
LOG/ACT/2026/001,ADMIN/USR/001,login,2026-08-13T17:29:17.698283,User logged in
LOG/ACT/2026/002,ADMIN/USR/001,add_batch,2026-08-13T17:31:43.074315,"Added batch: GOLDEN PACKAGE (Tour Type: Haj, Year: 2027)"
LOG/ACT/2026/003,ADMIN/USR/001,add_traveler,2026-08-13T17:32:31.404672,Added traveler: SIRAJ MOHAMED
LOG/ACT/2026/004,ADMIN/USR/001,add_payment,2026-08-13T17:32:47.320326,Recorded payment of ₹830999.0
LOG/ACT/2026/005,ADMIN/USR/001,update_settings,2026-08-13T17:33:13.189793,"Updated company settings: GST=5.0%, TCS=2%"
LOG/ACT/2026/006,ADMIN/USR/001,generate_invoice,2026-08-13T17:33:46.436244,Generated invoice for traveler: SIRAJ MOHAMED
LOG/ACT/2026/007,ADMIN/USR/001,generate_invoice,2026-08-13T17:33:47.482862,Generated invoice
LOG/ACT/2026/008,ADMIN/USR/001,add_user,2026-08-13T17:35:29.660854,Added user: raihana
LOG/ACT/2026/009,ADMIN/USR/001,export_report_pdf,2026-08-13T17:36:15.255376,Exported custom report to PDF: custom_report_20260813_173613.pdf
LOG/ACT/2026/010,ADMIN/USR/001,export_report_csv,2026-08-13T17:36:40.522023,Exported custom report to CSV: custom_report_20260813_173637.csv
LOG/ACT/2026/011,ADMIN/USR/001,edit_traveler,2026-08-13T17:37:31.792217,Updated traveler: SIRAJ MOHAMED
LOG/ACT/2026/012,ADMIN/USR/001,create_backup,2026-08-13T17:38:17.290055,Created database backup
LOG/ACT/2026/013,ADMIN/USR/001,logout,2026-08-13T17:38:41.338195,Application closed
LOG/ACT/2026/014,ADMIN/USR/2026/001,login,2026-08-13T17:45:31.168232,User logged in
LOG/ACT/2026/015,ADMIN/USR/2026/001,bulk_upload,2026-08-13T17:47:56.833978,Uploaded 1 travelers from CSV
LOG/ACT/2026/016,ADMIN/USR/2026/001,delete_traveler,2026-08-13T17:49:35.282882,Deleted traveler: John Doe
LOG/ACT/2026/017,ADMIN/USR/2026/001,logout,2026-08-13T17:49:48.970054,Application closed
LOG/ACT/2026/018,ADMIN/USR/2026/001,login,2026-08-14T16:14:05.432928,User logged in
LOG/ACT/2026/019,ADMIN/USR/2026/001,delete_traveler,2026-08-14T16:27:19.816389,Deleted traveler: SIRAJ MOHAMED
LOG/ACT/2026/020,ADMIN/USR/2026/001,login,2026-08-14T16:28:12.829279,User logged in
LOG/ACT/2026/021,ADMIN/USR/2026/001,edit_traveler,2026-08-14T16:29:19.342219,Updated traveler: MEERA SAHIB RIYAS
LOG/ACT/2026/022,ADMIN/USR/2026/001,add_batch,2026-08-14T17:01:32.670946,"Added batch: GOLDEN SHORT (Tour Type: Haj, Year: 2027)"
LOG/ACT/2026/023,ADMIN/USR/2026/001,add_batch,2026-08-14T17:03:31.218590,"Added batch: SILVER PACKAGE (Tour Type: Haj, Year: 2027)"
LOG/ACT/2026/024,ADMIN/USR/2026/001,edit_batch,2026-08-14T17:04:09.955164,"Updated batch: GOLDEN SHORT (Tour Type: Haj, Year: 2027)"
LOG/ACT/2026/025,ADMIN/USR/2026/001,delete_invoice,2026-08-14T17:06:28.837186,Deleted invoice INV-202608-0001
LOG/ACT/2026/026,ADMIN/USR/2026/001,delete_receipt,2026-08-14T17:06:48.551353,Deleted receipt REC-202608-0001
LOG/ACT/2026/027,ADMIN/USR/2026/001,edit_traveler,2026-08-14T17:16:35.574939,Updated traveler: MUHAMMED KASIM AYESHA
LOG/ACT/2026/028,ADMIN/USR/2026/001,add_traveler,2026-08-14T17:33:45.443642,Added traveler: MUHAMMED KASIM AYESHA
LOG/ACT/2026/029,ADMIN/USR/2026/001,delete_traveler,2026-08-14T17:34:02.951810,Deleted traveler: MUHAMMED KASIM AYESHA
LOG/ACT/2026/030,ADMIN/USR/2026/001,logout,2026-08-14T18:08:15.339999,Application closed
LOG/ACT/2026/031,ADMIN/USR/2026/001,login,2026-08-18T11:25:44.597067,User logged in
LOG/ACT/2026/032,ADMIN/USR/2026/001,edit_traveler,2026-08-18T13:15:19.532911,Updated traveler: NAZIBUDEEN NOORUL FARZANA
LOG/ACT/2026/033,ADMIN/USR/2026/001,logout,2026-08-18T13:17:08.733909,Application closed
LOG/ACT/2026/034,ADMIN/USR/2026/001,login,2026-08-18T14:57:22.921407,User logged in
LOG/ACT/2026/035,ADMIN/USR/2026/001,delete_traveler,2026-08-18T15:21:25.536131,Deleted traveler: MUHAMMED KASIM AYESHA
LOG/ACT/2026/036,ADMIN/USR/2026/001,logout,2026-08-18T15:22:28.340277,Application closed
LOG/ACT/2026/037,ADMIN/USR/2026/001,login,2026-08-18T15:42:00.660331,User logged in
LOG/ACT/2026/038,ADMIN/USR/2026/001,edit_batch,2026-08-18T15:43:06.706176,"Updated batch: GOLDEN PACKAGE (Tour Type: Haj, Year: 2027)"
LOG/ACT/2026/039,ADMIN/USR/2026/001,edit_traveler,2026-08-18T15:46:23.652315,Updated traveler: MEERA SAHIB RIYAS
LOG/ACT/2026/040,ADMIN/USR/2026/001,edit_traveler,2026-08-18T15:47:16.682420,Updated traveler: MEERA SAHIB RIYAS
LOG/ACT/2026/041,ADMIN/USR/2026/001,edit_traveler,2026-08-18T15:48:31.186658,Updated traveler: ANVAR BASHA ARSHIYA
LOG/ACT/2026/042,ADMIN/USR/2026/001,edit_traveler,2026-08-18T15:49:35.005226,Updated traveler: ANVAR BASHA ARSHIYA
LOG/ACT/2026/043,ADMIN/USR/2026/001,edit_traveler,2026-08-18T15:49:58.466536,Updated traveler: THAJUDEEN NAZIBUDEEN
LOG/ACT/2026/044,ADMIN/USR/2026/001,edit_traveler,2026-08-18T15:50:20.754509,Updated traveler: NAZIBUDEEN NOORUL FARZANA
LOG/ACT/2026/045,ADMIN/USR/2026/001,edit_traveler,2026-08-18T15:51:26.250393,Updated traveler: NAZIBUDEEN NOORUL FARZANA
LOG/ACT/2026/046,ADMIN/USR/2026/001,logout,2026-08-18T15:52:51.971420,Application closed
LOG/ACT/2026/047,ADMIN/USR/2026/001,login,2026-08-18T16:13:12.013881,User logged in
LOG/ACT/2026/048,ADMIN/USR/2026/001,logout,2026-08-18T16:14:29.570383,Application closed
LOG/ACT/2026/049,ADMIN/USR/2026/001,login,2026-08-18T16:16:04.627059,User logged in
LOG/ACT/2026/050,ADMIN/USR/2026/001,logout,2026-08-18T16:16:18.136270,Application closed
LOG/ACT/2026/051,ADMIN/USR/2026/001,login,2026-08-18T16:38:22.388144,User logged in
LOG/ACT/2026/052,ADMIN/USR/2026/001,logout,2026-08-18T16:38:50.520902,Application closed
LOG/ACT/2026/053,ADMIN/USR/2026/001,login,2026-08-19T10:53:29.214505,User logged in
LOG/ACT/2026/054,ADMIN/USR/2026/001,logout,2026-08-19T10:54:41.631086,Application closed
LOG/ACT/2026/055,ADMIN/USR/2026/001,login,2026-08-20T13:05:56.632032,User logged in
LOG/ACT/2026/056,ADMIN/USR/2026/001,logout,2026-08-20T13:06:10.725664,Application closed
LOG/ACT/2026/057,ADMIN/USR/2026/001,login,2026-08-20T14:58:24.369396,User logged in
LOG/ACT/2026/058,ADMIN/USR/2026/001,delete_traveler,2026-08-20T15:02:49.428807,Deleted traveler: SUHAIL AHMED KABEER
LOG/ACT/2026/059,ADMIN/USR/2026/001,logout,2026-08-20T15:19:30.435114,Application closed
LOG/ACT/2026/060,ADMIN/USR/2026/001,login,2026-08-21T12:11:13.118475,User logged in
LOG/ACT/2026/061,ADMIN/USR/2026/001,logout,2026-08-21T12:11:42.802405,Application closed
LOG/ACT/2026/062,ADMIN/USR/2026/001,login,2026-08-22T14:38:41.330026,User logged in
LOG/ACT/2026/063,ADMIN/USR/2026/001,logout,2026-08-22T16:11:11.192970,Application closed
LOG/ACT/2026/064,ADMIN/USR/2026/001,login,2026-08-25T12:45:40.473204,User logged in
LOG/ACT/2026/065,ADMIN/USR/2026/001,logout,2026-08-25T12:46:13.693917,Application closed
LOG/ACT/2026/066,ADMIN/USR/2026/001,login,2026-08-29T16:12:26.238239,User logged in
LOG/ACT/2026/067,ADMIN/USR/2026/001,edit_traveler,2026-08-29T16:14:48.598101,Updated traveler: MEERA SAHIB RIYAS
LOG/ACT/2026/068,ADMIN/USR/2026/001,edit_traveler,2026-08-29T16:15:45.224274,Updated traveler: ANVAR BASHA ARSHIYA
LOG/ACT/2026/069,ADMIN/USR/2026/001,edit_traveler,2026-08-29T16:16:27.925277,Updated traveler: NAZIBUDEEN NOORUL FARZANA
LOG/ACT/2026/070,ADMIN/USR/2026/001,edit_traveler,2026-08-29T16:17:23.757287,Updated traveler: KAMALDEEN RASHEED
LOG/ACT/2026/071,ADMIN/USR/2026/001,edit_traveler,2026-08-29T16:17:55.532379,Updated traveler: RASHEED BEEMA PARVEEN
LOG/ACT/2026/072,ADMIN/USR/2026/001,edit_traveler,2026-08-29T16:18:30.181266,Updated traveler: SHAIK ABDUL KADER HAMEED ABDUL KADER
LOG/ACT/2026/073,ADMIN/USR/2026/001,edit_traveler,2026-08-29T16:19:07.046862,Updated traveler: HAMEED ABDUL KADER SHAHAR BANU
LOG/ACT/2026/074,ADMIN/USR/2026/001,logout,2026-08-29T16:25:15.497124,Application closed
LOG/ACT/2026/075,ADMIN/USR/2026/001,login,2026-08-29T16:26:06.356382,User logged in
LOG/ACT/2026/076,ADMIN/USR/2026/001,create_backup,2026-08-29T16:26:18.249987,Created database backup
LOG/ACT/2026/077,ADMIN/USR/2026/001,logout,2026-08-29T16:34:10.653936,Application closed
LOG/ACT/2026/078,ADMIN/USR/001,login,2026-09-01T12:55:18.140408,User logged in
LOG/ACT/2026/079,ADMIN/USR/001,logout,2026-09-01T12:56:16.614659,Application closed
LOG/ACT/2026/080,ADMIN/USR/2026/001,login,2026-09-01T15:36:40.377587,User logged in
LOG/ACT/2026/081,ADMIN/USR/2026/001,generate_receipt,2026-09-01T15:37:08.478836,Generated receipt REC-202609-0001 for payment
LOG/ACT/2026/082,ADMIN/USR/2026/001,logout,2026-09-01T15:39:01.980263,Application closed
LOG/ACT/2026/083,ADMIN/USR/2026/001,login,2026-09-01T15:39:28.443988,User logged in
LOG/ACT/2026/084,ADMIN/USR/2026/001,add_payment,2026-09-01T15:42:30.291047,Recorded payment of ₹200000.0
LOG/ACT/2026/085,ADMIN/USR/2026/001,delete_receipt,2026-09-01T15:42:55.664364,Deleted receipt REC-202609-0001
LOG/ACT/2026/086,ADMIN/USR/2026/001,export_report_pdf,2026-09-01T15:45:29.536522,Exported custom report to PDF: custom_report_20260901_154527.pdf
LOG/ACT/2026/087,ADMIN/USR/2026/001,generate_invoice,2026-09-01T15:47:40.736464,Generated invoice for traveler: MEERA SAHIB RIYAS
LOG/ACT/2026/088,ADMIN/USR/2026/001,generate_invoice,2026-09-01T15:47:42.817862,Generated invoice
LOG/ACT/2026/089,ADMIN/USR/2026/001,modify_invoice,2026-09-01T15:48:05.967965,Modified invoice INV-202609-0001
LOG/ACT/2026/090,ADMIN/USR/2026/001,modify_invoice,2026-09-01T15:48:07.084157,Modified invoice INV-202609-0001
LOG/ACT/2026/091,ADMIN/USR/2026/001,delete_invoice,2026-09-01T15:48:34.592664,Deleted invoice INV-202609-0001
LOG/ACT/2026/092,ADMIN/USR/2026/001,create_backup,2026-09-01T15:48:49.726909,Created database backup
LOG/ACT/2026/093,ADMIN/USR/2026/001,add_payment,2026-09-01T16:28:48.442426,Recorded payment of ₹200000.0
LOG/ACT/2026/094,ADMIN/USR/2026/001,logout,2026-09-01T16:34:27.924441,Application closed
LOG/ACT/2026/095,ADMIN/USR/2026/001,login,2026-09-02T12:40:47.604710,User logged in
LOG/ACT/2026/096,ADMIN/USR/2026/001,logout,2026-09-02T13:03:45.286286,Application closed
LOG/ACT/2026/097,ADMIN/USR/001,login,2026-09-02T13:07:35.808559,User logged in
LOG/ACT/2026/098,ADMIN/USR/001,logout,2026-09-02T13:09:33.213284,Application closed
LOG/ACT/2026/099,ADMIN/USR/2026/001,login,2026-09-02T13:11:40.825136,User logged in
LOG/ACT/2026/100,ADMIN/USR/2026/001,edit_traveler,2026-09-02T13:12:49.584807,Updated traveler: MEERA SAHIB RIYAS
LOG/ACT/2026/101,ADMIN/USR/2026/001,edit_traveler,2026-09-02T13:18:19.020996,Updated traveler: MEERA SAHIB RIYAS
LOG/ACT/2026/102,ADMIN/USR/2026/001,logout,2026-09-02T13:18:53.866822,Application closed
LOG/ACT/2026/103,ADMIN/USR/2026/001,login,2026-09-02T13:19:18.298680,User logged in
LOG/ACT/2026/104,ADMIN/USR/2026/001,edit_traveler,2026-09-02T13:23:03.125334,Updated traveler: RASHEED BEEMA PARVEEN
LOG/ACT/2026/105,ADMIN/USR/2026/001,export_report_pdf,2026-09-02T13:24:18.590833,Exported custom report to PDF: custom_report_20260902_132417.pdf
LOG/ACT/2026/106,ADMIN/USR/2026/001,logout,2026-09-02T13:25:07.740022,Application closed
LOG/ACT/2026/107,ADMIN/USR/2026/001,login,2026-09-02T13:42:58.596308,User logged in
LOG/ACT/2026/108,ADMIN/USR/2026/001,export_report_csv,2026-09-02T13:44:09.366257,Exported custom report to CSV: HAJ-2027.csv
LOG/ACT/2026/109,ADMIN/USR/2026/001,export_report_csv,2026-09-02T13:44:24.880112,Exported custom report to CSV: custom_report_20260902_134420.csv
LOG/ACT/2026/110,ADMIN/USR/2026/001,logout,2026-09-02T13:53:01.906392,Application closed
LOG/ACT/2026/111,ADMIN/USR/2026/001,login,2026-09-03T17:22:01.178797,User logged in
LOG/ACT/2026/112,ADMIN/USR/2026/001,logout,2026-09-03T17:22:51.997350,Application closed
LOG/ACT/2026/113,ADMIN/USR/2026/001,login,2026-09-03T17:31:08.323478,User logged in
LOG/ACT/2026/114,ADMIN/USR/2026/001,edit_traveler,2026-09-03T17:32:55.373857,Updated traveler: MEERA SAHIB RIYAS
LOG/ACT/2026/115,ADMIN/USR/2026/001,edit_traveler,2026-09-03T17:34:15.412569,Updated traveler: RASHEED BEEMA PARVEEN
LOG/ACT/2026/116,ADMIN/USR/001,login,2026-09-03T17:35:47.714621,User logged in
LOG/ACT/2026/117,ADMIN/USR/001,login,2026-09-03T17:38:20.687272,User logged in
LOG/ACT/2026/118,ADMIN/USR/001,delete_receipt,2026-09-03T17:38:33.458152,Deleted receipt REC-202609-0006
LOG/ACT/2026/119,ADMIN/USR/001,delete_receipt,2026-09-03T17:38:42.274010,Deleted receipt REC-202609-0007
LOG/ACT/2026/120,ADMIN/USR/001,delete_payment,2026-09-03T17:39:39.172821,Deleted payment of ₹678291.0
LOG/ACT/2026/121,ADMIN/USR/001,delete_payment,2026-09-03T17:39:44.812188,Deleted payment of ₹50000.0
LOG/ACT/2026/122,ADMIN/USR/001,login,2026-09-03T17:45:25.592406,User logged in
LOG/ACT/2026/123,ADMIN/USR/001,login,2026-09-03T17:53:13.538571,User logged in
LOG/ACT/2026/124,ADMIN/USR/001,login,2026-09-03T18:06:02.587364,User logged in
LOG/ACT/2026/125,ADMIN/USR/001,logout,2026-09-03T18:07:04.314142,User logged out
LOG/ACT/2026/126,ADMIN/USR/001,logout,2026-09-03T18:07:05.744301,Application closed
LOG/ACT/2026/127,ADMIN/USR/001,login,2026-09-03T18:15:13.325203,User logged in
LOG/ACT/2026/128,ADMIN/USR/001,edit_traveler,2026-09-03T18:16:37.259810,Updated traveler: ANVAR BASHA ARSHIYA
LOG/ACT/2026/129,ADMIN/USR/001,export_report_pdf,2026-09-03T18:19:09.350673,Exported custom report to PDF: custom_report_20260903_181907.pdf
LOG/ACT/2026/130,ADMIN/USR/001,logout,2026-09-03T18:29:22.513785,User logged out
LOG/ACT/2026/131,ADMIN/USR/001,logout,2026-09-03T18:29:23.587017,Application closed
LOG/ACT/2026/132,ADMIN/USR/001,login,2026-09-03T18:29:44.266026,User logged in
LOG/ACT/2026/133,ADMIN/USR/001,create_backup,2026-09-03T18:32:31.480410,Created database backup
LOG/ACT/2026/134,ADMIN/USR/001,export_report_pdf,2026-09-03T18:33:04.748910,Exported custom report to PDF: custom_report_20260903_183303.pdf
LOG/ACT/2026/135,ADMIN/USR/001,logout,2026-09-03T18:37:55.681610,User logged out
LOG/ACT/2026/136,ADMIN/USR/001,logout,2026-09-03T18:37:56.486825,Application closed
LOG/ACT/2026/137,ADMIN/USR/001,login,2026-09-03T18:38:22.815855,User logged in
LOG/ACT/2026/138,ADMIN/USR/001,export_report_pdf,2026-09-03T18:38:43.761358,Exported custom report to PDF: custom_report_20260903_183842.pdf
LOG/ACT/2026/139,ADMIN/USR/001,logout,2026-09-03T18:42:17.681473,User logged out
LOG/ACT/2026/140,ADMIN/USR/001,logout,2026-09-03T18:42:18.550384,Application closed
LOG/ACT/2026/141,ADMIN/USR/001,login,2026-09-03T18:42:34.465338,User logged in
LOG/ACT/2026/142,ADMIN/USR/001,export_report_pdf,2026-09-03T18:42:51.768567,Exported custom report to PDF: custom_report_20260903_184250.pdf
LOG/ACT/2026/143,ADMIN/USR/001,logout,2026-09-03T18:50:20.425226,User logged out
LOG/ACT/2026/144,ADMIN/USR/001,logout,2026-09-03T18:50:21.382513,Application closed
LOG/ACT/2026/145,ADMIN/USR/001,login,2026-09-03T18:50:49.974672,User logged in
LOG/ACT/2026/146,ADMIN/USR/001,export_report_pdf,2026-09-03T18:51:04.916342,Exported custom report to PDF: custom_report_20260903_185103.pdf
LOG/ACT/2026/147,ADMIN/USR/001,logout,2026-09-03T18:58:03.212119,User logged out
LOG/ACT/2026/148,ADMIN/USR/001,logout,2026-09-03T18:58:04.024428,Application closed
LOG/ACT/2026/149,ADMIN/USR/001,login,2026-09-03T18:58:20.695855,User logged in
LOG/ACT/2026/150,ADMIN/USR/001,export_report_csv,2026-09-03T18:59:22.202426,Exported custom report to CSV: custom_report_20260903_185920.csv
LOG/ACT/2026/151,ADMIN/USR/001,logout,2026-09-03T19:04:21.321571,User logged out
LOG/ACT/2026/152,ADMIN/USR/001,logout,2026-09-03T19:04:22.430713,Application closed
LOG/ACT/2026/153,ADMIN/USR/001,login,2026-09-03T19:04:36.643283,User logged in
LOG/ACT/2026/154,ADMIN/USR/001,logout,2026-09-03T19:08:51.976795,User logged out
LOG/ACT/2026/155,ADMIN/USR/001,logout,2026-09-03T19:08:52.830138,Application closed
LOG/ACT/2026/156,ADMIN/USR/001,login,2026-09-03T19:09:22.092506,User logged in
LOG/ACT/2026/157,ADMIN/USR/001,logout,2026-09-03T19:11:51.730026,Application closed
LOG/ACT/2026/158,ADMIN/USR/001,login,2026-09-03T19:18:49.282485,User logged in
LOG/ACT/2026/159,ADMIN/USR/001,export_report_pdf,2026-09-03T19:20:26.513783,Exported custom report to PDF: custom_report_20260903_191953.pdf
LOG/ACT/2026/160,ADMIN/USR/001,export_report_csv,2026-09-03T19:23:39.528740,Exported custom report to CSV: custom_report_20260903_192338.csv
LOG/ACT/2026/161,ADMIN/USR/001,logout,2026-09-03T19:27:48.480278,User logged out
LOG/ACT/2026/162,ADMIN/USR/001,logout,2026-09-03T19:27:49.445409,Application closed
LOG/ACT/2026/163,ADMIN/USR/001,login,2026-09-03T19:32:01.583720,User logged in
LOG/ACT/2026/164,ADMIN/USR/001,login,2026-09-03T19:34:56.488287,User logged in
LOG/ACT/2026/165,ADMIN/USR/001,export_report_csv,2026-09-03T19:36:32.134264,Exported custom report to CSV: custom_report_20260903_193630.csv
LOG/ACT/2026/166,ADMIN/USR/001,export_report_csv,2026-09-03T19:37:03.776762,Exported custom report to CSV: custom_report_20260903_193702.csv
LOG/ACT/2026/167,ADMIN/USR/001,export_report_pdf,2026-09-03T19:37:22.354908,Exported custom report to PDF: custom_report_20260903_193720.pdf
LOG/ACT/2026/168,ADMIN/USR/001,logout,2026-09-03T19:41:34.471919,User logged out
LOG/ACT/2026/169,ADMIN/USR/001,logout,2026-09-03T19:41:35.421897,Application closed
LOG/ACT/2026/170,ADMIN/USR/001,login,2026-09-03T19:41:47.747520,User logged in
LOG/ACT/2026/171,ADMIN/USR/001,export_report_pdf,2026-09-03T19:42:26.809531,Exported custom report to PDF: custom_report_20260903_194224.pdf
LOG/ACT/2026/172,ADMIN/USR/001,export_report_csv,2026-09-03T19:42:38.280715,Exported custom report to CSV: custom_report_20260903_194237.csv
LOG/ACT/2026/173,ADMIN/USR/001,logout,2026-09-03T19:43:25.479878,User logged out
LOG/ACT/2026/174,ADMIN/USR/001,logout,2026-09-03T19:43:26.460420,Application closed
LOG/ACT/2026/175,ADMIN/USR/001,login,2026-09-03T19:49:15.460972,User logged in
LOG/ACT/2026/176,ADMIN/USR/001,export_report_csv,2026-09-03T19:49:56.113740,Exported custom report to CSV: custom_report_20260903_194954.csv
LOG/ACT/2026/177,ADMIN/USR/001,logout,2026-09-03T19:53:50.575593,User logged out
LOG/ACT/2026/178,ADMIN/USR/001,logout,2026-09-03T19:53:51.820111,Application closed
LOG/ACT/2026/179,ADMIN/USR/001,login,2026-09-03T19:57:12.396353,User logged in
LOG/ACT/2026/188,ADMIN/USR/001,restore_backup,2026-09-03T20:09:18.609915,Restored from backup: backup_20260903_195722.zip
LOG/ACT/2026/189,ADMIN/USR/001,create_backup,2026-09-03T20:11:04.732703,Created database backup
LOG/ACT/2026/190,ADMIN/USR/001,logout,2026-09-03T20:11:08.558838,User logged out
LOG/ACT/2026/191,ADMIN/USR/001,logout,2026-09-03T20:11:09.700247,Application closed
LOG/ACT/2026/192,ADMIN/USR/001,login,2026-09-03T20:15:04.440087,User logged in
LOG/ACT/2026/193,ADMIN/USR/001,create_backup,2026-09-03T20:16:06.853191,Created database backup
LOG/ACT/2026/194,ADMIN/USR/001,logout,2026-09-03T20:16:48.270697,User logged out
LOG/ACT/2026/195,ADMIN/USR/001,logout,2026-09-03T20:16:49.355970,Application closed
LOG/ACT/2026/196,ADMIN/USR/2026/001,login,2026-09-04T12:00:08.952251,User logged in
LOG/ACT/2026/197,ADMIN/USR/2026/001,logout,2026-09-04T12:04:50.794036,Application closed
LOG/ACT/2026/198,ADMIN/USR/2026/001,login,2026-09-04T15:09:31.579964,User logged in
LOG/ACT/2026/199,ADMIN/USR/2026/001,update_payment,2026-09-04T15:32:13.413915,"Updated payment HAJ/PAY/2027/002 - Amount: ₹200,000.00"
LOG/ACT/2026/200,ADMIN/USR/2026/001,edit_payment,2026-09-04T15:32:13.415937,"Edited payment #HAJ/PAY/2027/002 - Amount: ₹200,000.00"
LOG/ACT/2026/201,ADMIN/USR/2026/001,update_settings,2026-09-04T15:42:19.881309,"Updated company settings: GST=5.0%, TCS=2%"
LOG/ACT/2026/202,ADMIN/USR/2026/001,update_payment,2026-09-04T15:43:27.914228,"Updated payment HAJ/PAY/2027/003 - Amount: ₹200,000.00"
LOG/ACT/2026/203,ADMIN/USR/2026/001,edit_payment,2026-09-04T15:43:27.914228,"Edited payment #HAJ/PAY/2027/003 - Amount: ₹200,000.00"
LOG/ACT/2026/204,ADMIN/USR/2026/001,update_payment,2026-09-04T15:43:41.922466,"Updated payment HAJ/PAY/2027/004 - Amount: ₹200,000.00"
LOG/ACT/2026/205,ADMIN/USR/2026/001,edit_payment,2026-09-04T15:43:41.922466,"Edited payment #HAJ/PAY/2027/004 - Amount: ₹200,000.00"
LOG/ACT/2026/206,ADMIN/USR/2026/001,update_payment,2026-09-04T15:44:07.634292,"Updated payment HAJ/PAY/2027/005 - Amount: ₹75,000.00"
LOG/ACT/2026/207,ADMIN/USR/2026/001,edit_payment,2026-09-04T15:44:07.634292,"Edited payment #HAJ/PAY/2027/005 - Amount: ₹75,000.00"
LOG/ACT/2026/208,ADMIN/USR/2026/001,update_payment,2026-09-04T15:44:21.849688,"Updated payment HAJ/PAY/2027/006 - Amount: ₹125,000.00"
LOG/ACT/2026/209,ADMIN/USR/2026/001,edit_payment,2026-09-04T15:44:21.849688,"Edited payment #HAJ/PAY/2027/006 - Amount: ₹125,000.00"
LOG/ACT/2026/210,ADMIN/USR/2026/001,update_payment,2026-09-04T15:44:41.640082,"Updated payment HAJ/PAY/2027/009 - Amount: ₹50,000.00"
LOG/ACT/2026/211,ADMIN/USR/2026/001,edit_payment,2026-09-04T15:44:41.655696,"Edited payment #HAJ/PAY/2027/009 - Amount: ₹50,000.00"
LOG/ACT/2026/212,ADMIN/USR/2026/001,update_payment,2026-09-04T15:44:57.277201,"Updated payment HAJ/PAY/2027/010 - Amount: ₹150,000.00"
LOG/ACT/2026/213,ADMIN/USR/2026/001,edit_payment,2026-09-04T15:44:57.277201,"Edited payment #HAJ/PAY/2027/010 - Amount: ₹150,000.00"
LOG/ACT/2026/214,ADMIN/USR/2026/001,update_payment,2026-09-04T15:45:15.043037,"Updated payment HAJ/PAY/2027/011 - Amount: ₹200,000.00"
LOG/ACT/2026/215,ADMIN/USR/2026/001,edit_payment,2026-09-04T15:45:15.043037,"Edited payment #HAJ/PAY/2027/011 - Amount: ₹200,000.00"
LOG/ACT/2026/216,ADMIN/USR/2026/001,update_payment,2026-09-04T15:45:31.399095,"Updated payment HAJ/PAY/2027/012 - Amount: ₹200,000.00"
LOG/ACT/2026/217,ADMIN/USR/2026/001,edit_payment,2026-09-04T15:45:31.399095,"Edited payment #HAJ/PAY/2027/012 - Amount: ₹200,000.00"
LOG/ACT/2026/218,ADMIN/USR/2026/001,update_payment,2026-09-04T15:45:46.733951,"Updated payment HAJ/PAY/2027/013 - Amount: ₹200,000.00"
LOG/ACT/2026/219,ADMIN/USR/2026/001,edit_payment,2026-09-04T15:45:46.733951,"Edited payment #HAJ/PAY/2027/013 - Amount: ₹200,000.00"
LOG/ACT/2026/220,ADMIN/USR/2026/001,update_payment,2026-09-04T15:46:25.008921,"Updated payment HAJ/PAY/2027/014 - Amount: ₹200,000.00"
LOG/ACT/2026/221,ADMIN/USR/2026/001,edit_payment,2026-09-04T15:46:25.008921,"Edited payment #HAJ/PAY/2027/014 - Amount: ₹200,000.00"
LOG/ACT/2026/222,ADMIN/USR/2026/001,update_payment,2026-09-04T15:46:46.194475,"Updated payment HAJ/PAY/2027/015 - Amount: ₹200,000.00"
LOG/ACT/2026/223,ADMIN/USR/2026/001,edit_payment,2026-09-04T15:46:46.194475,"Edited payment #HAJ/PAY/2027/015 - Amount: ₹200,000.00"
LOG/ACT/2026/224,ADMIN/USR/2026/001,update_payment,2026-09-04T15:50:07.420081,"Updated payment HAJ/PAY/2027/016 - Amount: ₹25,000.00"
LOG/ACT/2026/225,ADMIN/USR/2026/001,edit_payment,2026-09-04T15:50:07.420081,"Edited payment #HAJ/PAY/2027/016 - Amount: ₹25,000.00"
LOG/ACT/2026/226,ADMIN/USR/2026/001,update_payment,2026-09-04T15:50:26.715397,"Updated payment HAJ/PAY/2027/017 - Amount: ₹25,000.00"
LOG/ACT/2026/227,ADMIN/USR/2026/001,edit_payment,2026-09-04T15:50:26.715397,"Edited payment #HAJ/PAY/2027/017 - Amount: ₹25,000.00"
LOG/ACT/2026/228,ADMIN/USR/2026/001,update_payment,2026-09-04T15:53:23.269502,"Updated payment HAJ/PAY/2027/018 - Amount: ₹200,000.00"
LOG/ACT/2026/229,ADMIN/USR/2026/001,edit_payment,2026-09-04T15:53:23.272494,"Edited payment #HAJ/PAY/2027/018 - Amount: ₹200,000.00"
LOG/ACT/2026/230,ADMIN/USR/2026/001,update_payment,2026-09-04T15:53:34.597442,"Updated payment HAJ/PAY/2027/019 - Amount: ₹200,000.00"
LOG/ACT/2026/231,ADMIN/USR/2026/001,edit_payment,2026-09-04T15:53:34.600435,"Edited payment #HAJ/PAY/2027/019 - Amount: ₹200,000.00"
LOG/ACT/2026/232,ADMIN/USR/2026/001,update_payment,2026-09-04T15:56:27.565531,"Updated payment HAJ/PAY/2027/020 - Amount: ₹200,000.00"
LOG/ACT/2026/233,ADMIN/USR/2026/001,edit_payment,2026-09-04T15:56:27.568527,"Edited payment #HAJ/PAY/2027/020 - Amount: ₹200,000.00"
LOG/ACT/2026/234,ADMIN/USR/2026/001,update_payment,2026-09-04T15:56:38.501582,"Updated payment HAJ/PAY/2027/021 - Amount: ₹200,000.00"
LOG/ACT/2026/235,ADMIN/USR/2026/001,edit_payment,2026-09-04T15:56:38.504547,"Edited payment #HAJ/PAY/2027/021 - Amount: ₹200,000.00"
LOG/ACT/2026/236,ADMIN/USR/2026/001,update_payment,2026-09-04T16:07:09.469662,"Updated payment HAJ/PAY/2027/022 - Amount: ₹200,000.00"
LOG/ACT/2026/237,ADMIN/USR/2026/001,edit_payment,2026-09-04T16:07:09.472656,"Edited payment #HAJ/PAY/2027/022 - Amount: ₹200,000.00"
LOG/ACT/2026/238,ADMIN/USR/2026/001,update_payment,2026-09-04T16:07:21.629709,"Updated payment HAJ/PAY/2027/023 - Amount: ₹200,000.00"
LOG/ACT/2026/239,ADMIN/USR/2026/001,edit_payment,2026-09-04T16:07:21.632702,"Edited payment #HAJ/PAY/2027/023 - Amount: ₹200,000.00"
LOG/ACT/2026/240,ADMIN/USR/2026/001,update_payment,2026-09-04T16:07:34.702384,"Updated payment HAJ/PAY/2027/024 - Amount: ₹200,000.00"
LOG/ACT/2026/241,ADMIN/USR/2026/001,edit_payment,2026-09-04T16:07:34.704407,"Edited payment #HAJ/PAY/2027/024 - Amount: ₹200,000.00"
LOG/ACT/2026/242,ADMIN/USR/2026/001,update_payment,2026-09-04T16:07:44.709418,"Updated payment HAJ/PAY/2027/025 - Amount: ₹200,000.00"
LOG/ACT/2026/243,ADMIN/USR/2026/001,edit_payment,2026-09-04T16:07:44.712409,"Edited payment #HAJ/PAY/2027/025 - Amount: ₹200,000.00"
LOG/ACT/2026/244,ADMIN/USR/2026/001,update_payment,2026-09-04T16:07:55.717392,"Updated payment HAJ/PAY/2027/026 - Amount: ₹200,000.00"
LOG/ACT/2026/245,ADMIN/USR/2026/001,edit_payment,2026-09-04T16:07:55.721380,"Edited payment #HAJ/PAY/2027/026 - Amount: ₹200,000.00"
LOG/ACT/2026/246,ADMIN/USR/2026/001,update_payment,2026-09-04T16:08:07.405688,"Updated payment HAJ/PAY/2027/027 - Amount: ₹200,000.00"
LOG/ACT/2026/247,ADMIN/USR/2026/001,edit_payment,2026-09-04T16:08:07.408712,"Edited payment #HAJ/PAY/2027/027 - Amount: ₹200,000.00"
LOG/ACT/2026/248,ADMIN/USR/2026/001,update_payment,2026-09-04T16:12:24.167047,"Updated payment HAJ/PAY/2027/028 - Amount: ₹200,000.00"
LOG/ACT/2026/249,ADMIN/USR/2026/001,edit_payment,2026-09-04T16:12:24.171728,"Edited payment #HAJ/PAY/2027/028 - Amount: ₹200,000.00"
LOG/ACT/2026/250,ADMIN/USR/2026/001,update_payment,2026-09-04T16:12:35.526452,"Updated payment HAJ/PAY/2027/029 - Amount: ₹100,000.00"
LOG/ACT/2026/251,ADMIN/USR/2026/001,edit_payment,2026-09-04T16:12:35.528474,"Edited payment #HAJ/PAY/2027/029 - Amount: ₹100,000.00"
LOG/ACT/2026/252,ADMIN/USR/2026/001,update_payment,2026-09-04T16:12:47.278453,"Updated payment HAJ/PAY/2027/030 - Amount: ₹100,000.00"
LOG/ACT/2026/253,ADMIN/USR/2026/001,edit_payment,2026-09-04T16:12:47.280478,"Edited payment #HAJ/PAY/2027/030 - Amount: ₹100,000.00"
LOG/ACT/2026/254,ADMIN/USR/2026/001,update_payment,2026-09-04T16:17:24.438583,Updated payment HAJ/PAY/2027/031 - Amount: ₹100.00
LOG/ACT/2026/255,ADMIN/USR/2026/001,edit_payment,2026-09-04T16:17:24.441575,Edited payment #HAJ/PAY/2027/031 - Amount: ₹100.00
LOG/ACT/2026/256,ADMIN/USR/2026/001,update_payment,2026-09-04T16:17:35.686151,"Updated payment HAJ/PAY/2027/032 - Amount: ₹199,900.00"
LOG/ACT/2026/257,ADMIN/USR/2026/001,edit_payment,2026-09-04T16:17:35.689138,"Edited payment #HAJ/PAY/2027/032 - Amount: ₹199,900.00"
LOG/ACT/2026/258,ADMIN/USR/2026/001,update_payment,2026-09-04T16:17:49.334520,"Updated payment HAJ/PAY/2027/033 - Amount: ₹200,000.00"
LOG/ACT/2026/259,ADMIN/USR/2026/001,edit_payment,2026-09-04T16:17:49.336544,"Edited payment #HAJ/PAY/2027/033 - Amount: ₹200,000.00"
LOG/ACT/2026/260,ADMIN/USR/2026/001,edit_traveler,2026-09-04T16:19:23.031639,Updated traveler: SHAIK ABDUL KADER HAMEED ABDUL KADER
LOG/ACT/2026/261,ADMIN/USR/2026/001,edit_traveler,2026-09-04T16:19:45.126503,Updated traveler: HAMEED ABDUL KADER SHAHAR BANU
LOG/ACT/2026/262,ADMIN/USR/2026/001,update_payment,2026-09-04T16:21:54.470209,"Updated payment HAJ/PAY/2027/034 - Amount: ₹200,000.00"
LOG/ACT/2026/263,ADMIN/USR/2026/001,edit_payment,2026-09-04T16:21:54.470209,"Edited payment #HAJ/PAY/2027/034 - Amount: ₹200,000.00"
LOG/ACT/2026/264,ADMIN/USR/2026/001,update_payment,2026-09-04T16:22:05.641307,"Updated payment HAJ/PAY/2027/035 - Amount: ₹200,000.00"
LOG/ACT/2026/265,ADMIN/USR/2026/001,edit_payment,2026-09-04T16:22:05.656913,"Edited payment #HAJ/PAY/2027/035 - Amount: ₹200,000.00"
LOG/ACT/2026/266,ADMIN/USR/2026/001,logout,2026-09-04T16:22:43.859961,Application closed
LOG/ACT/2026/267,ADMIN/USR/2026/001,login,2026-09-04T16:23:11.601691,User logged in
LOG/ACT/2026/268,ADMIN/USR/2026/001,create_backup,2026-09-04T16:24:14.059969,Created database backup
LOG/ACT/2026/269,ADMIN/USR/2026/001,logout,2026-09-04T16:24:22.545529,Application closed
LOG/ACT/2026/270,ADMIN/USR/001,login,2026-09-05T12:27:44.306485,User logged in
LOG/ACT/2026/271,ADMIN/USR/001,create_backup,2026-09-05T12:28:48.728692,Created database backup
LOG/ACT/2026/272,ADMIN/USR/001,edit_traveler,2026-09-05T12:32:21.874745,Updated traveler: MEERA SAHIB RIYAS
LOG/ACT/2026/273,ADMIN/USR/001,export_report_csv,2026-09-05T12:43:38.902762,Exported custom report to CSV: custom_report_20260905_124336.csv
LOG/ACT/2026/274,ADMIN/USR/001,export_report_pdf,2026-09-05T12:58:19.290795,Exported custom report to PDF: custom_report_20260905_125817.pdf
LOG/ACT/2026/275,ADMIN/USR/001,export_report_csv,2026-09-05T12:58:38.617468,Exported custom report to CSV: custom_report_20260905_125836.csv
LOG/ACT/2026/276,ADMIN/USR/001,logout,2026-09-05T13:10:12.735905,User logged out
LOG/ACT/2026/277,ADMIN/USR/001,logout,2026-09-05T13:10:13.797620,Application closed
LOG/ACT/2026/278,ADMIN/USR/001,login,2026-09-05T13:10:57.349477,User logged in
LOG/ACT/2026/279,ADMIN/USR/001,export_report_csv,2026-09-05T13:11:19.915326,Exported custom report to CSV: custom_report_20260905_131118.csv
LOG/ACT/2026/280,ADMIN/USR/001,logout,2026-09-05T13:22:43.942413,User logged out
LOG/ACT/2026/281,ADMIN/USR/001,logout,2026-09-05T13:22:45.108994,Application closed
LOG/ACT/2026/282,ADMIN/USR/001,login,2026-09-05T13:23:06.184285,User logged in
LOG/ACT/2026/283,ADMIN/USR/001,export_report_csv,2026-09-05T13:23:27.207518,Exported custom report to CSV: custom_report_20260905_132325.csv
LOG/ACT/2026/284,ADMIN/USR/001,logout,2026-09-05T13:24:17.933831,User logged out
LOG/ACT/2026/285,ADMIN/USR/001,logout,2026-09-05T13:24:20.332447,Application closed
LOG/ACT/2026/286,ADMIN/USR/001,login,2026-09-05T13:29:48.090258,User logged in
LOG/ACT/2026/287,ADMIN/USR/001,export_report_csv,2026-09-05T13:30:09.775022,Exported custom report to CSV: custom_report_20260905_133008.csv
LOG/ACT/2026/288,ADMIN/USR/001,export_report_pdf,2026-09-05T13:30:35.607294,Exported custom report to PDF: custom_report_20260905_133033.pdf
LOG/ACT/2026/289,ADMIN/USR/001,export_report_csv,2026-09-05T13:32:13.467416,Exported custom report to CSV: custom_report_20260905_133211.csv
LOG/ACT/2026/290,ADMIN/USR/001,logout,2026-09-05T13:36:48.070002,User logged out
LOG/ACT/2026/291,ADMIN/USR/001,logout,2026-09-05T13:36:49.027514,Application closed
LOG/ACT/2026/292,ADMIN/USR/001,login,2026-09-05T13:37:08.562832,User logged in
LOG/ACT/2026/293,ADMIN/USR/001,export_report_csv,2026-09-05T13:37:26.880477,Exported custom report to CSV: custom_report_20260905_133724.csv
LOG/ACT/2026/294,ADMIN/USR/001,logout,2026-09-05T13:45:17.356287,User logged out
LOG/ACT/2026/295,ADMIN/USR/001,logout,2026-09-05T13:45:18.362349,Application closed
LOG/ACT/2026/296,ADMIN/USR/001,login,2026-09-05T13:45:42.738645,User logged in
LOG/ACT/2026/297,ADMIN/USR/001,export_report_csv,2026-09-05T13:46:10.418427,Exported custom report to CSV: custom_report_20260905_134607.csv
LOG/ACT/2026/298,ADMIN/USR/001,export_report_pdf,2026-09-05T13:48:11.031273,Exported custom report to PDF: custom_report_20260905_134809.pdf
LOG/ACT/2026/299,ADMIN/USR/001,logout,2026-09-05T13:56:35.388471,User logged out
LOG/ACT/2026/300,ADMIN/USR/001,logout,2026-09-05T13:56:36.426394,Application closed
LOG/ACT/2026/301,ADMIN/USR/001,login,2026-09-05T13:56:57.862357,User logged in
LOG/ACT/2026/302,ADMIN/USR/001,export_report_csv,2026-09-05T13:58:02.603943,Exported custom report to CSV: custom_report_20260905_135759.csv
LOG/ACT/2026/303,ADMIN/USR/001,export_report_pdf,2026-09-05T13:58:56.296527,Exported custom report to PDF: custom_report_20260905_135850.pdf
LOG/ACT/2026/304,ADMIN/USR/001,export_report_csv,2026-09-05T14:01:29.267635,Exported custom report to CSV: custom_report_20260905_140127.csv
LOG/ACT/2026/305,ADMIN/USR/001,logout,2026-09-05T14:51:26.153849,User logged out
LOG/ACT/2026/306,ADMIN/USR/001,logout,2026-09-05T14:51:27.223686,Application closed
LOG/ACT/2026/307,ADMIN/USR/001,login,2026-09-05T15:03:48.702904,User logged in
LOG/ACT/2026/308,ADMIN/USR/001,export_report_csv,2026-09-05T15:04:05.413787,Exported custom report to CSV: custom_report_20260905_150403.csv
LOG/ACT/2026/309,ADMIN/USR/001,logout,2026-09-05T15:11:40.918863,User logged out
LOG/ACT/2026/310,ADMIN/USR/001,logout,2026-09-05T15:11:42.173099,Application closed
LOG/ACT/2026/311,ADMIN/USR/001,login,2026-09-05T15:12:03.394130,User logged in
LOG/ACT/2026/312,ADMIN/USR/001,export_report_csv,2026-09-05T15:12:29.281598,Exported custom report to CSV: custom_report_20260905_151227.csv
LOG/ACT/2026/313,ADMIN/USR/001,logout,2026-09-05T15:20:11.277239,User logged out
LOG/ACT/2026/314,ADMIN/USR/001,logout,2026-09-05T15:20:12.189469,Application closed
LOG/ACT/2026/315,ADMIN/USR/001,login,2026-09-05T15:20:36.685222,User logged in
LOG/ACT/2026/316,ADMIN/USR/001,export_report_csv,2026-09-05T15:24:05.339909,Exported custom report to CSV: custom_report_20260905_152404.csv
LOG/ACT/2026/317,ADMIN/USR/001,export_report_pdf,2026-09-05T15:25:09.090748,Exported custom report to PDF: custom_report_20260905_152507.pdf
LOG/ACT/2026/318,ADMIN/USR/001,logout,2026-09-05T15:35:18.796474,User logged out
LOG/ACT/2026/319,ADMIN/USR/001,logout,2026-09-05T15:35:19.754674,Application closed
LOG/ACT/2026/320,ADMIN/USR/001,login,2026-09-05T15:35:34.570689,User logged in
LOG/ACT/2026/321,ADMIN/USR/001,logout,2026-09-05T15:41:44.084367,User logged out
LOG/ACT/2026/322,ADMIN/USR/001,logout,2026-09-05T15:41:48.722949,Application closed
LOG/ACT/2026/323,ADMIN/USR/001,login,2026-09-05T15:42:15.615315,User logged in
LOG/ACT/2026/324,ADMIN/USR/001,logout,2026-09-05T15:54:27.675424,User logged out
LOG/ACT/2026/325,ADMIN/USR/001,logout,2026-09-05T15:54:29.097377,Application closed
LOG/ACT/2026/326,ADMIN/USR/001,login,2026-09-05T15:56:35.596203,User logged in
LOG/ACT/2026/327,ADMIN/USR/001,logout,2026-09-05T16:08:25.218617,User logged out
LOG/ACT/2026/328,ADMIN/USR/001,logout,2026-09-05T16:08:26.312006,Application closed
LOG/ACT/2026/329,ADMIN/USR/001,login,2026-09-05T16:08:44.159414,User logged in
LOG/ACT/2026/330,ADMIN/USR/001,logout,2026-09-05T16:20:07.000838,User logged out
LOG/ACT/2026/331,ADMIN/USR/001,logout,2026-09-05T16:20:07.935594,Application closed
LOG/ACT/2026/332,ADMIN/USR/001,login,2026-09-05T16:20:26.197866,User logged in
LOG/ACT/2026/333,ADMIN/USR/001,logout,2026-09-05T16:27:35.265292,User logged out
LOG/ACT/2026/334,ADMIN/USR/001,logout,2026-09-05T16:27:36.410012,Application closed
LOG/ACT/2026/335,ADMIN/USR/001,login,2026-09-05T16:27:51.132823,User logged in
LOG/ACT/2026/336,ADMIN/USR/001,logout,2026-09-05T16:30:44.168737,User logged out
LOG/ACT/2026/337,ADMIN/USR/001,logout,2026-09-05T16:30:45.030008,Application closed
LOG/ACT/2026/338,ADMIN/USR/001,login,2026-09-05T16:31:09.964492,User logged in
LOG/ACT/2026/339,ADMIN/USR/001,logout,2026-09-05T16:35:46.056661,User logged out
LOG/ACT/2026/340,ADMIN/USR/001,logout,2026-09-05T16:35:46.895082,Application closed
LOG/ACT/2026/341,ADMIN/USR/001,login,2026-09-05T16:36:05.606185,User logged in
LOG/ACT/2026/342,ADMIN/USR/001,logout,2026-09-05T16:39:54.591806,User logged out
LOG/ACT/2026/343,ADMIN/USR/001,logout,2026-09-05T16:39:55.717275,Application closed
LOG/ACT/2026/344,ADMIN/USR/001,login,2026-09-05T16:40:14.557134,User logged in
LOG/ACT/2026/345,ADMIN/USR/001,logout,2026-09-05T16:51:06.271508,User logged out
LOG/ACT/2026/346,ADMIN/USR/001,logout,2026-09-05T16:51:07.183894,Application closed
LOG/ACT/2026/347,ADMIN/USR/001,login,2026-09-05T16:51:22.621846,User logged in
LOG/ACT/2026/348,ADMIN/USR/001,logout,2026-09-05T16:55:35.222898,User logged out
LOG/ACT/2026/349,ADMIN/USR/001,logout,2026-09-05T16:55:36.132696,Application closed
LOG/ACT/2026/350,ADMIN/USR/001,login,2026-09-05T16:55:59.016582,User logged in
LOG/ACT/2026/351,ADMIN/USR/001,logout,2026-09-05T16:56:36.822821,User logged out
LOG/ACT/2026/352,ADMIN/USR/001,logout,2026-09-05T16:56:37.731879,Application closed
LOG/ACT/2026/353,ADMIN/USR/001,login,2026-09-05T16:58:07.777937,User logged in
LOG/ACT/2026/354,ADMIN/USR/001,logout,2026-09-05T17:01:57.478179,User logged out
LOG/ACT/2026/355,ADMIN/USR/001,logout,2026-09-05T17:01:58.691718,Application closed
LOG/ACT/2026/356,ADMIN/USR/001,login,2026-09-05T17:07:31.389348,User logged in
LOG/ACT/2026/357,ADMIN/USR/001,create_backup,2026-09-05T17:09:46.604443,Created database backup
LOG/ACT/2026/358,ADMIN/USR/001,logout,2026-09-05T17:09:51.493841,User logged out
LOG/ACT/2026/359,ADMIN/USR/001,logout,2026-09-05T17:09:52.731358,Application closed
LOG/ACT/2026/360,ADMIN/USR/001,login,2026-09-07T14:54:38.436960,User logged in
LOG/ACT/2026/361,ADMIN/USR/001,update_settings,2026-09-07T15:18:48.952895,"Updated company settings: GST=5.0%, TCS=2%"
LOG/ACT/2026/362,ADMIN/USR/001,logout,2026-09-07T15:19:58.291421,User logged out
LOG/ACT/2026/363,ADMIN/USR/001,logout,2026-09-07T15:19:59.522431,Application closed
LOG/ACT/2026/364,ADMIN/USR/001,login,2026-09-07T15:20:34.694007,User logged in
LOG/ACT/2026/365,ADMIN/USR/001,generate_invoice,2026-09-07T15:21:45.937326,Generated invoice for traveler: MEERA SAHIB RIYAS
LOG/ACT/2026/366,ADMIN/USR/001,generate_invoice,2026-09-07T15:21:47.429194,Generated invoice
LOG/ACT/2026/367,ADMIN/USR/001,delete_invoice,2026-09-07T15:25:28.705606,Deleted invoice INV-202609-0001
LOG/ACT/2026/368,ADMIN/USR/001,logout,2026-09-07T15:25:31.667192,User logged out
LOG/ACT/2026/369,ADMIN/USR/001,logout,2026-09-07T15:25:32.928250,Application closed
LOG/ACT/2026/370,ADMIN/USR/001,login,2026-09-08T18:01:14.132593,User logged in
LOG/ACT/2026/371,ADMIN/USR/001,create_backup,2026-09-08T18:01:22.500456,Created database backup
LOG/ACT/2026/372,ADMIN/USR/001,logout,2026-09-08T18:01:27.126446,Application closed
LOG/ACT/2026/373,ADMIN/USR/001,login,2026-09-08T18:12:54.226091,User logged in
LOG/ACT/2026/374,ADMIN/USR/001,generate_invoice,2026-09-08T18:13:23.278273,Generated invoice for traveler: MEERA SAHIB RIYAS
LOG/ACT/2026/375,ADMIN/USR/001,generate_invoice,2026-09-08T18:13:24.399945,Generated invoice
LOG/ACT/2026/376,ADMIN/USR/001,logout,2026-09-08T18:47:05.866936,User logged out
LOG/ACT/2026/377,ADMIN/USR/001,logout,2026-09-08T18:47:08.175725,Application closed
LOG/ACT/2026/378,ADMIN/USR/001,login,2026-09-08T18:53:53.091937,User logged in
LOG/ACT/2026/379,ADMIN/USR/001,logout,2026-09-08T18:59:54.491835,User logged out
LOG/ACT/2026/380,ADMIN/USR/001,logout,2026-09-08T18:59:55.403361,Application closed
LOG/ACT/2026/381,ADMIN/USR/001,login,2026-09-08T19:00:09.964957,User logged in
LOG/ACT/2026/382,ADMIN/USR/001,login,2026-09-08T19:01:12.698819,User logged in
LOG/ACT/2026/383,ADMIN/USR/001,login,2026-09-08T19:04:20.412542,User logged in
LOG/ACT/2026/384,ADMIN/USR/001,login,2026-09-08T19:05:49.616224,User logged in
LOG/ACT/2026/385,ADMIN/USR/001,logout,2026-09-08T19:06:08.420302,Application closed
LOG/ACT/2026/386,ADMIN/USR/001,login,2026-09-08T19:09:03.063408,User logged in
LOG/ACT/2026/387,ADMIN/USR/001,login,2026-09-08T19:13:22.382836,User logged in
LOG/ACT/2026/388,ADMIN/USR/001,logout,2026-09-08T19:15:26.598611,User logged out
LOG/ACT/2026/389,ADMIN/USR/001,logout,2026-09-08T19:15:27.578897,Application closed
LOG/ACT/2026/390,ADMIN/USR/001,login,2026-09-08T19:19:14.385544,User logged in
LOG/ACT/2026/391,ADMIN/USR/001,logout,2026-09-08T19:26:25.126022,User logged out
LOG/ACT/2026/392,ADMIN/USR/001,logout,2026-09-08T19:26:26.275160,Application closed
LOG/ACT/2026/393,ADMIN/USR/001,login,2026-09-08T19:27:59.225048,User logged in
LOG/ACT/2026/394,ADMIN/USR/001,logout,2026-09-08T19:29:59.693522,User logged out
LOG/ACT/2026/395,ADMIN/USR/001,logout,2026-09-08T19:30:09.069624,User logged out
LOG/ACT/2026/396,ADMIN/USR/001,logout,2026-09-08T19:30:10.827498,Application closed
LOG/ACT/2026/397,ADMIN/USR/001,login,2026-09-08T19:52:56.607660,User logged in
LOG/ACT/2026/398,ADMIN/USR/001,logout,2026-09-08T19:57:39.376877,User logged out
LOG/ACT/2026/399,ADMIN/USR/001,logout,2026-09-08T19:57:40.453842,Application closed
LOG/ACT/2026/400,ADMIN/USR/001,login,2026-09-08T20:02:37.336655,User logged in
LOG/ACT/2026/401,ADMIN/USR/001,logout,2026-09-08T20:09:22.801890,User logged out
LOG/ACT/2026/402,ADMIN/USR/001,logout,2026-09-08T20:09:23.863321,Application closed
LOG/ACT/2026/403,ADMIN/USR/001,login,2026-09-08T20:09:44.099318,User logged in
LOG/ACT/2026/404,ADMIN/USR/001,logout,2026-09-08T20:12:24.361801,User logged out
LOG/ACT/2026/405,ADMIN/USR/001,logout,2026-09-08T20:12:25.103900,Application closed
LOG/ACT/2026/406,ADMIN/USR/001,login,2026-09-08T20:12:45.275504,User logged in
LOG/ACT/2026/407,ADMIN/USR/001,logout,2026-09-08T20:13:59.745772,User logged out
LOG/ACT/2026/408,ADMIN/USR/001,logout,2026-09-08T20:14:00.671432,Application closed
LOG/ACT/2026/409,ADMIN/USR/001,login,2026-09-08T20:14:19.309750,User logged in
LOG/ACT/2026/410,ADMIN/USR/001,logout,2026-09-08T20:17:53.946260,User logged out
LOG/ACT/2026/411,ADMIN/USR/001,logout,2026-09-08T20:17:54.833711,Application closed
LOG/ACT/2026/412,ADMIN/USR/001,login,2026-09-08T20:18:08.123727,User logged in
LOG/ACT/2026/413,ADMIN/USR/001,logout,2026-09-08T20:20:04.001867,User logged out
LOG/ACT/2026/414,ADMIN/USR/001,logout,2026-09-08T20:20:04.967898,Application closed
LOG/ACT/2026/415,ADMIN/USR/001,login,2026-09-08T20:21:36.980969,User logged in
LOG/ACT/2026/416,ADMIN/USR/001,logout,2026-09-08T20:24:14.250398,User logged out
LOG/ACT/2026/417,ADMIN/USR/001,logout,2026-09-08T20:24:15.336756,Application closed
LOG/ACT/2026/418,ADMIN/USR/001,login,2026-09-08T20:24:27.451501,User logged in
LOG/ACT/2026/419,ADMIN/USR/001,logout,2026-09-08T20:26:13.738929,User logged out
LOG/ACT/2026/420,ADMIN/USR/001,logout,2026-09-08T20:26:15.320574,Application closed
LOG/ACT/2026/421,ADMIN/USR/001,login,2026-09-08T20:29:14.535114,User logged in
LOG/ACT/2026/422,ADMIN/USR/001,logout,2026-09-08T20:30:02.850594,User logged out
LOG/ACT/2026/423,ADMIN/USR/001,logout,2026-09-08T20:30:03.777326,Application closed
LOG/ACT/2026/424,ADMIN/USR/001,login,2026-09-08T20:30:25.613645,User logged in
LOG/ACT/2026/425,ADMIN/USR/001,logout,2026-09-08T20:32:57.067512,User logged out
LOG/ACT/2026/426,ADMIN/USR/001,logout,2026-09-08T20:32:58.217166,Application closed
LOG/ACT/2026/427,ADMIN/USR/001,login,2026-09-08T20:34:19.778215,User logged in
LOG/ACT/2026/428,ADMIN/USR/001,logout,2026-09-08T20:35:05.267712,User logged out
LOG/ACT/2026/429,ADMIN/USR/001,logout,2026-09-08T20:35:07.200594,Application closed
LOG/ACT/2026/430,ADMIN/USR/001,login,2026-09-08T20:41:32.802743,User logged in
LOG/ACT/2026/431,ADMIN/USR/001,logout,2026-09-08T20:42:37.347882,User logged out
LOG/ACT/2026/432,ADMIN/USR/001,logout,2026-09-08T20:42:39.025660,Application closed
LOG/ACT/2026/433,ADMIN/USR/001,login,2026-09-08T20:42:52.310203,User logged in
LOG/ACT/2026/434,ADMIN/USR/001,logout,2026-09-08T20:43:35.756759,User logged out
LOG/ACT/2026/435,ADMIN/USR/001,logout,2026-09-08T20:43:36.665784,Application closed
LOG/ACT/2026/436,ADMIN/USR/001,login,2026-09-08T20:45:02.862852,User logged in
LOG/ACT/2026/437,ADMIN/USR/001,logout,2026-09-08T20:46:56.916701,User logged out
LOG/ACT/2026/438,ADMIN/USR/001,logout,2026-09-08T20:46:57.777644,Application closed
LOG/ACT/2026/439,ADMIN/USR/001,login,2026-09-08T20:48:06.071673,User logged in
LOG/ACT/2026/440,ADMIN/USR/001,login,2026-09-08T20:50:27.369202,User logged in
LOG/ACT/2026/441,ADMIN/USR/001,logout,2026-09-08T20:51:25.685067,Application closed
LOG/ACT/2026/442,ADMIN/USR/001,login,2026-09-08T20:54:08.248187,User logged in
LOG/ACT/2026/443,ADMIN/USR/001,logout,2026-09-08T20:54:49.957353,User logged out
LOG/ACT/2026/444,ADMIN/USR/001,logout,2026-09-08T20:54:50.922627,Application closed
LOG/ACT/2026/445,ADMIN/USR/001,login,2026-09-08T20:59:34.507815,User logged in
LOG/ACT/2026/446,ADMIN/USR/001,logout,2026-09-08T21:00:25.093716,User logged out
LOG/ACT/2026/447,ADMIN/USR/001,logout,2026-09-08T21:00:26.059082,Application closed
LOG/ACT/2026/448,ADMIN/USR/2026/001,login,2026-09-09T13:31:22.945877,User logged in
LOG/ACT/2026/449,ADMIN/USR/2026/001,update_settings,2026-09-09T13:35:08.995110,"Updated company settings: GST=5.0%, TCS=2%"
LOG/ACT/2026/450,ADMIN/USR/2026/001,logout,2026-09-09T13:35:55.481072,Application closed
LOG/ACT/2026/451,ADMIN/USR/2026/001,login,2026-09-09T13:52:27.378347,User logged in
LOG/ACT/2026/452,ADMIN/USR/2026/001,logout,2026-09-09T14:08:00.205989,Application closed
LOG/ACT/2026/453,ADMIN/USR/2026/001,login,2026-09-10T14:05:04.353434,User logged in
LOG/ACT/2026/454,ADMIN/USR/2026/001,logout,2026-09-10T14:10:35.902232,Application closed
LOG/ACT/2026/455,ADMIN/USR/2026/001,login,2026-09-10T14:17:22.864705,User logged in
LOG/ACT/2026/456,ADMIN/USR/2026/001,logout,2026-09-10T14:28:38.948725,Application closed
LOG/ACT/2026/457,ADMIN/USR/2026/001,login,2026-09-10T15:25:49.424675,User logged in
LOG/ACT/2026/458,ADMIN/USR/2026/001,logout,2026-09-10T15:26:31.646895,Application closed
LOG/ACT/2026/459,ADMIN/USR/001,login,2026-09-10T15:33:40.024058,User logged in
LOG/ACT/2026/460,ADMIN/USR/001,logout,2026-09-10T16:59:16.699961,User logged out
LOG/ACT/2026/461,ADMIN/USR/001,logout,2026-09-10T16:59:17.746562,Application closed
LOG/ACT/2026/462,ADMIN/USR/001,login,2026-09-10T17:03:09.452673,User logged in
LOG/ACT/2026/463,ADMIN/USR/001,delete_invoice,2026-09-10T17:11:49.974238,Deleted invoice INV-202609-0001
LOG/ACT/2026/464,ADMIN/USR/001,generate_invoice,2026-09-10T17:12:06.086934,Generated invoice for traveler: MEERA SAHIB RIYAS
LOG/ACT/2026/465,ADMIN/USR/001,generate_invoice,2026-09-10T17:12:07.237579,Generated invoice
LOG/ACT/2026/466,ADMIN/USR/001,logout,2026-09-10T17:12:53.524607,User logged out
LOG/ACT/2026/467,ADMIN/USR/001,delete_invoice,2026-09-10T17:13:02.059191,Deleted invoice INV-202609-0001
LOG/ACT/2026/468,ADMIN/USR/001,logout,2026-09-10T17:13:04.603064,User logged out
LOG/ACT/2026/469,ADMIN/USR/001,logout,2026-09-10T17:13:05.555965,Application closed
LOG/ACT/2026/470,ADMIN/USR/001,login,2026-09-10T17:13:33.702199,User logged in
LOG/ACT/2026/471,ADMIN/USR/001,generate_invoice,2026-09-10T17:14:12.609341,Generated invoice for traveler: MEERA SAHIB RIYAS
LOG/ACT/2026/472,ADMIN/USR/001,generate_invoice,2026-09-10T17:14:13.609069,Generated invoice
LOG/ACT/2026/473,ADMIN/USR/001,delete_invoice,2026-09-10T17:14:56.574417,Deleted invoice INV-202609-0001
LOG/ACT/2026/474,ADMIN/USR/001,logout,2026-09-10T17:14:59.137280,User logged out
LOG/ACT/2026/475,ADMIN/USR/001,logout,2026-09-10T17:14:59.902690,Application closed
LOG/ACT/2026/476,ADMIN/USR/2026/001,login,2026-09-11T14:13:25.377836,User logged in
LOG/ACT/2026/477,ADMIN/USR/2026/001,edit_traveler,2026-09-11T14:15:34.208016,Updated traveler: THAJUDEEN NAZIBUDEEN
LOG/ACT/2026/478,ADMIN/USR/2026/001,edit_traveler,2026-09-11T14:17:22.088265,Updated traveler: NAZIBUDEEN NOORUL FARZANA
LOG/ACT/2026/479,ADMIN/USR/2026/001,edit_traveler,2026-09-11T14:17:48.510606,Updated traveler: KAMALDEEN RASHEED
LOG/ACT/2026/480,ADMIN/USR/2026/001,edit_traveler,2026-09-11T14:21:16.412817,Updated traveler: MOHAMED RAFEEK SYED ABUTHAHIR
LOG/ACT/2026/481,ADMIN/USR/2026/001,edit_traveler,2026-09-11T14:22:59.521123,Updated traveler: SUHAIL AHMED KABEER
LOG/ACT/2026/482,ADMIN/USR/2026/001,edit_traveler,2026-09-11T14:29:23.948278,Updated traveler: SATHAKATHUL HAMEED MARIAM SHIRAFIA
LOG/ACT/2026/483,ADMIN/USR/2026/001,edit_traveler,2026-09-11T14:30:28.734953,Updated traveler: SUHAIL AHMED KABEER
LOG/ACT/2026/484,ADMIN/USR/2026/001,edit_traveler,2026-09-11T14:32:08.794145,Updated traveler: MUHAMMED KASIM AYESHA
LOG/ACT/2026/485,ADMIN/USR/2026/001,edit_traveler,2026-09-11T14:33:01.049196,Updated traveler: THAJUDEEN NAZIBUDEEN
LOG/ACT/2026/486,ADMIN/USR/2026/001,edit_traveler,2026-09-11T14:33:40.395723,Updated traveler: NAZIBUDEEN NOORUL FARZANA
LOG/ACT/2026/487,ADMIN/USR/2026/001,edit_traveler,2026-09-11T14:35:36.767451,Updated traveler: MOHAMED RAFEEK SYED ABUTHAHIR
LOG/ACT/2026/488,ADMIN/USR/2026/001,edit_traveler,2026-09-11T14:37:09.704341,Updated traveler: ABBAS MARICAR HAJA HASSAN
LOG/ACT/2026/489,ADMIN/USR/2026/001,edit_traveler,2026-09-11T14:38:36.265747,Updated traveler: KADER ALI MARICAR MOHIDEEN NACHIAR
LOG/ACT/2026/490,ADMIN/USR/2026/001,edit_traveler,2026-09-11T14:39:40.367956,Updated traveler: YACOOB MOHAMED RAFI
LOG/ACT/2026/491,ADMIN/USR/2026/001,edit_traveler,2026-09-11T14:40:03.534855,Updated traveler: RAFI FEROZA
LOG/ACT/2026/492,ADMIN/USR/2026/001,edit_traveler,2026-09-11T14:40:41.823096,Updated traveler: YACOOB NAZEERA BEE
LOG/ACT/2026/493,ADMIN/USR/2026/001,edit_traveler,2026-09-11T14:41:02.048830,Updated traveler: RAFI MOHAMMED IMTIAZ
LOG/ACT/2026/494,ADMIN/USR/2026/001,edit_traveler,2026-09-11T14:41:22.594673,Updated traveler: RAFI MOHAMMED RAIHAAN
LOG/ACT/2026/495,ADMIN/USR/2026/001,edit_traveler,2026-09-11T14:41:40.244018,Updated traveler: RAFI MOHAMMED FARHAAN
LOG/ACT/2026/496,ADMIN/USR/2026/001,edit_traveler,2026-09-11T14:42:32.810663,Updated traveler: MOHAMMED SHERFUDEEN IDRIS
LOG/ACT/2026/497,ADMIN/USR/2026/001,edit_traveler,2026-09-11T14:43:42.338411,Updated traveler: AHAMED BASHEER SALEENA
LOG/ACT/2026/498,ADMIN/USR/2026/001,edit_traveler,2026-09-11T14:44:21.010747,Updated traveler: IDRIS MARIAM HASNA
LOG/ACT/2026/499,ADMIN/USR/2026/001,edit_traveler,2026-09-11T14:44:40.962735,Updated traveler: IDRIS MOHAMED HARITH
LOG/ACT/2026/500,ADMIN/USR/2026/001,edit_traveler,2026-09-11T14:45:09.690264,Updated traveler: MOHAMEDHANIFA KAJAMOHIDEEN
LOG/ACT/2026/501,ADMIN/USR/2026/001,edit_traveler,2026-09-11T14:45:40.994785,Updated traveler: KAJAMAYTHIN ASIYAMMAL
LOG/ACT/2026/502,ADMIN/USR/2026/001,edit_traveler,2026-09-11T14:54:34.187224,Updated traveler: KADER MOHIDEEN SHAIK MEERAN
LOG/ACT/2026/503,ADMIN/USR/2026/001,edit_traveler,2026-09-11T14:55:05.731283,Updated traveler: SHAIK MEERAN FATHIMA RUKSHANA
LOG/ACT/2026/504,ADMIN/USR/2026/001,logout,2026-09-11T14:55:34.437458,Application closed
LOG/ACT/2026/505,ADMIN/USR/2026/001,login,2026-09-11T15:05:43.920655,User logged in
LOG/ACT/2026/506,ADMIN/USR/2026/001,logout,2026-09-11T15:18:45.947694,User logged out
LOG/ACT/2026/507,ADMIN/USR/2026/001,logout,2026-09-11T15:18:47.010159,Application closed
LOG/ACT/2026/508,ADMIN/USR/2026/001,login,2026-09-11T15:29:44.246956,User logged in
LOG/ACT/2026/509,ADMIN/USR/2026/001,edit_traveler,2026-09-11T15:30:51.327424,Updated traveler: AHAMED BASHEER SALEENA
LOG/ACT/2026/510,ADMIN/USR/2026/001,logout,2026-09-11T15:31:04.316358,Application closed
LOG/ACT/2026/511,ADMIN/USR/2026/001,login,2026-09-11T15:31:30.034040,User logged in
LOG/ACT/2026/512,ADMIN/USR/2026/001,logout,2026-09-11T15:32:34.165737,Application closed
LOG/ACT/2026/513,ADMIN/USR/001,login,2026-09-11T19:35:05.061678,User logged in
LOG/ACT/2026/514,ADMIN/USR/001,generate_invoice,2026-09-11T19:36:32.754528,Generated invoice for traveler: MEERA SAHIB RIYAS
LOG/ACT/2026/515,ADMIN/USR/001,generate_invoice,2026-09-11T19:36:34.270343,Generated invoice
LOG/ACT/2026/516,ADMIN/USR/001,create_backup,2026-09-11T19:38:16.930529,Created database backup
LOG/ACT/2026/517,ADMIN/USR/001,logout,2026-09-11T19:38:48.393157,Application closed by user
LOG/ACT/2026/518,ADMIN/USR/001,login,2026-09-11T19:47:00.083254,User logged in
LOG/ACT/2026/519,ADMIN/USR/001,create_backup,2026-09-11T19:48:06.180096,Created database backup
LOG/ACT/2026/520,ADMIN/USR/001,logout,2026-09-11T19:49:37.578315,Application closed by user
LOG/ACT/2026/521,ADMIN/USR/2026/001,login,2026-09-12T13:24:52.702067,User logged in
LOG/ACT/2026/522,ADMIN/USR/2026/001,logout,2026-09-12T13:26:24.884514,Application closed by user
LOG/ACT/2026/523,ADMIN/USR/2026/001,login,2026-09-12T13:26:45.438123,User logged in
LOG/ACT/2026/524,ADMIN/USR/2026/001,logout,2026-09-12T13:49:44.140314,Application closed by user
LOG/ACT/2026/525,ADMIN/USR/001,login,2026-09-12T14:09:17.942265,User logged in
LOG/ACT/2026/526,ADMIN/USR/001,add_traveler,2026-09-12T15:27:10.853751,Added traveler: AHAMED MOHIDEEN NAZEEM BANU
LOG/ACT/2026/527,ADMIN/USR/001,add_traveler,2026-09-12T15:35:52.772396,Added traveler: KUTHUBUDEEN HASAN SADHALI
LOG/ACT/2026/528,ADMIN/USR/001,add_traveler,2026-09-12T15:45:26.697926,Added traveler: HASAN SHADALI VAHITHA BANU
LOG/ACT/2026/529,ADMIN/USR/001,edit_traveler,2026-09-12T15:54:29.548314,Updated traveler: YACOOB NAZEERA BEE
LOG/ACT/2026/530,ADMIN/USR/001,logout,2026-09-12T15:55:10.132325,Application closed by user
LOG/ACT/2026/531,ADMIN/USR/2026/001,login,2026-09-12T15:55:50.311426,User logged in
LOG/ACT/2026/532,ADMIN/USR/2026/001,edit_traveler,2026-09-12T15:59:03.565212,Updated traveler: KUTHUBUDEEN HASAN SADHALI
LOG/ACT/2026/533,ADMIN/USR/2026/001,edit_traveler,2026-09-12T15:59:36.763027,Updated traveler: HASAN SHADALI VAHITHA BANU
LOG/ACT/2026/534,ADMIN/USR/2026/001,logout,2026-09-12T16:41:55.409771,Application closed by user
LOG/ACT/2026/535,ADMIN/USR/2026/001,login,2026-09-12T17:00:10.132951,User logged in
LOG/ACT/2026/536,ADMIN/USR/2026/001,create_backup,2026-09-12T17:09:35.325487,Created database backup
LOG/ACT/2026/537,ADMIN/USR/2026/001,logout,2026-09-12T17:09:41.384145,Application closed by user
LOG/ACT/2026/538,ADMIN/USR/2026/001,login,2026-09-12T17:11:56.715971,User logged in
LOG/ACT/2026/539,ADMIN/USR/2026/001,logout,2026-09-12T17:16:23.000654,Application closed by user
LOG/ACT/2026/540,ADMIN/USR/001,login,2026-09-12T17:23:54.189331,User logged in
LOG/ACT/2026/541,ADMIN/USR/001,logout,2026-09-12T17:26:10.047279,Application closed by user
LOG/ACT/2026/542,ADMIN/USR/2026/001,login,2026-09-12T17:33:42.705825,User logged in
LOG/ACT/2026/543,ADMIN/USR/2026/001,update_settings,2026-09-12T17:34:33.192840,"Updated company settings: GST=5.0%, TCS=2%"
LOG/ACT/2026/544,ADMIN/USR/2026/001,update_settings,2026-09-12T17:35:05.483080,"Updated company settings: GST=5.0%, TCS=2%"
LOG/ACT/2026/545,ADMIN/USR/2026/001,update_settings,2026-09-12T17:35:42.369012,"Updated company settings: GST=5.0%, TCS=2%"
LOG/ACT/2026/546,ADMIN/USR/2026/001,logout,2026-09-12T17:36:51.941790,Application closed by user
LOG/ACT/2026/547,ADMIN/USR/2026/001,login,2026-09-14T12:05:46.251422,User logged in
LOG/ACT/2026/548,ADMIN/USR/2026/001,logout,2026-09-14T12:24:31.577278,Application closed by user
LOG/ACT/2026/549,ADMIN/USR/2026/001,login,2026-09-14T12:25:15.405274,User logged in
LOG/ACT/2026/550,ADMIN/USR/2026/001,logout,2026-09-14T12:41:51.873821,Application closed by user
LOG/ACT/2026/551,ADMIN/USR/2026/001,login,2026-09-14T12:52:31.332617,User logged in
LOG/ACT/2026/552,ADMIN/USR/2026/001,logout,2026-09-14T12:56:32.264143,Application closed by user
LOG/ACT/2026/553,ADMIN/USR/2026/001,login,2026-09-14T15:29:53.276789,User logged in
LOG/ACT/2026/554,ADMIN/USR/2026/001,logout,2026-09-14T15:39:02.664777,Application closed by user
LOG/ACT/2026/555,ADMIN/USR/001,login,2026-09-15T15:23:35.787664,User logged in
LOG/ACT/2026/556,ADMIN/USR/001,logout,2026-09-15T15:30:04.529823,Application closed by user
LOG/ACT/2026/557,ADMIN/USR/001,login,2026-09-15T15:33:09.009832,User logged in
LOG/ACT/2026/558,ADMIN/USR/001,update_settings,2026-09-15T15:33:47.977109,"Updated company settings: GST=5.0%, TCS=2%"
LOG/ACT/2026/559,ADMIN/USR/001,logout,2026-09-15T15:39:17.376581,Application closed by user
LOG/ACT/2026/560,ADMIN/USR/001,login,2026-09-15T15:55:08.711501,User logged in
LOG/ACT/2026/561,ADMIN/USR/001,logout,2026-09-15T15:55:33.502391,Application closed by user
LOG/ACT/2026/001,ADMIN/USR/001,update_settings,2026-09-15T16:49:55.658921,"GST=5.0%, TCS=2.0%"
LOG/ACT/2026/002,ADMIN/USR/001,update_settings,2026-09-15T16:49:56.349124,"GST=5.0%, TCS=2.0%"
LOG/ACT/2026/003,ADMIN/USR/001,update_settings,2026-09-15T16:53:20.231891,"GST=5.0%, TCS=2.0%"
LOG/ACT/2026/004,ADMIN/USR/001,update_settings,2026-09-15T17:07:12.804708,"GST=5.0%, TCS=2.0%"
LOG/ACT/2026/005,ADMIN/USR/001,update_settings,2026-09-15T17:11:48.815517,"GST=5.0%, TCS=2.0%"
LOG/ACT/2026/006,ADMIN/USR/001,login,2026-09-15T17:27:48.214817,User logged in
LOG/ACT/2026/007,ADMIN/USR/001,logout,2026-09-15T17:27:59.183491,User logged out
LOG/ACT/2026/008,ADMIN/USR/001,login,2026-09-15T17:30:01.480988,User logged in
LOG/ACT/2026/009,ADMIN/USR/001,login,2026-09-15T17:31:54.406464,User logged in
LOG/ACT/2026/010,ADMIN/USR/001,login,2026-09-15T17:36:12.401663,User logged in
LOG/ACT/2026/011,ADMIN/USR/001,login,2026-09-15T17:40:02.266342,User logged in
LOG/ACT/2026/012,ADMIN/USR/001,login,2026-09-15T17:41:50.368148,User logged in
LOG/ACT/2026/013,ADMIN/USR/001,update_settings,2026-09-15T17:42:46.589708,"GST=5.0%, TCS=2.0%"
LOG/ACT/2026/014,ADMIN/USR/001,login,2026-09-15T17:43:08.041923,User logged in
LOG/ACT/2026/015,ADMIN/USR/001,login,2026-09-15T17:45:54.970562,User logged in
LOG/ACT/2026/016,ADMIN/USR/001,login,2026-09-15T17:49:13.690013,User logged in
LOG/ACT/2026/017,ADMIN/USR/001,login,2026-09-15T17:52:37.294973,User logged in
LOG/ACT/2026/018,ADMIN/USR/001,login,2026-09-15T17:54:06.262823,User logged in
LOG/ACT/2026/019,ADMIN/USR/001,login,2026-09-15T18:10:23.914425,User logged in
LOG/ACT/2026/020,ADMIN/USR/001,edit_traveler,2026-09-15T18:10:38.747285,Traveler updated: MEERA SAHIB RIYAS
LOG/ACT/2026/021,ADMIN/USR/001,login,2026-09-15T18:26:37.600314,User logged in
LOG/ACT/2026/022,ADMIN/USR/001,login,2026-09-15T18:29:29.206800,User logged in
LOG/ACT/2026/023,ADMIN/USR/001,login,2026-09-15T18:32:07.678468,User logged in
LOG/ACT/2026/024,ADMIN/USR/001,logout,2026-09-15T18:32:31.623079,User logged out
LOG/ACT/2026/025,ADMIN/USR/001,login,2026-09-15T18:34:51.385356,User logged in
LOG/ACT/2026/026,ADMIN/USR/001,login,2026-09-15T18:38:46.264893,User logged in
LOG/ACT/2026/027,ADMIN/USR/001,login,2026-09-15T18:42:49.223668,User logged in
LOG/ACT/2026/028,ADMIN/USR/001,login,2026-09-15T18:50:59.060573,User logged in
LOG/ACT/2026/029,ADMIN/USR/001,login,2026-09-15T18:59:09.116788,User logged in
LOG/ACT/2026/030,ADMIN/USR/001,manual_invoice,2026-09-15T19:00:27.232882,Created manual invoice for dfd
LOG/ACT/2026/031,ADMIN/USR/001,login,2026-09-15T19:04:08.715485,User logged in
LOG/ACT/2026/032,ADMIN/USR/001,login,2026-09-15T19:14:15.080626,User logged in
LOG/ACT/2026/033,ADMIN/USR/001,login,2026-09-15T19:17:06.925410,User logged in
LOG/ACT/2026/034,ADMIN/USR/001,login,2026-09-15T19:27:21.978415,User logged in
LOG/ACT/2026/035,ADMIN/USR/001,login,2026-09-15T19:35:27.188648,User logged in
LOG/ACT/2026/036,ADMIN/USR/001,create_backup,2026-09-15T19:35:36.700412,Created database backup
LOG/ACT/2026/037,ADMIN/USR/001,login,2026-09-15T19:43:58.373493,User logged in
LOG/ACT/2026/038,ADMIN/USR/001,login,2026-09-15T20:09:40.994298,User logged in
LOG/ACT/2026/039,ADMIN/USR/001,login,2026-09-15T20:15:47.071113,User logged in
LOG/ACT/2026/040,ADMIN/USR/001,logout,2026-09-15T20:16:52.161386,User logged out
LOG/ACT/2026/041,ADMIN/USR/001,login,2026-09-15T20:21:55.669729,User logged in
LOG/ACT/2026/042,ADMIN/USR/001,login,2026-09-15T20:26:26.254551,User logged in
LOG/ACT/2026/043,ADMIN/USR/001,login,2026-09-15T20:29:38.730634,User logged in
LOG/ACT/2026/044,ADMIN/USR/001,login,2026-09-15T20:38:31.738875,User logged in
LOG/ACT/2026/045,ADMIN/USR/001,login,2026-09-15T20:41:59.402576,User logged in
LOG/ACT/2026/046,ADMIN/USR/001,login,2026-09-15T20:43:58.706358,User logged in
LOG/ACT/2026/047,ADMIN/USR/001,login,2026-09-19T15:02:33.303168,User logged in
LOG/ACT/2026/048,ADMIN/USR/001,login,2026-09-19T15:05:29.480141,User logged in
LOG/ACT/2026/049,ADMIN/USR/001,login,2026-09-19T15:15:45.056949,User logged in
LOG/ACT/2026/050,ADMIN/USR/001,login,2026-09-19T15:19:41.397763,User logged in
LOG/ACT/2026/051,ADMIN/USR/001,login,2026-09-19T15:28:22.093849,User logged in
LOG/ACT/2026/052,ADMIN/USR/001,login,2026-09-19T15:31:06.166856,User logged in
LOG/ACT/2026/053,ADMIN/USR/001,login,2026-09-19T15:36:32.569587,User logged in
LOG/ACT/2026/054,ADMIN/USR/001,login,2026-09-19T15:39:33.247873,User logged in
LOG/ACT/2026/055,ADMIN/USR/001,login,2026-09-29T13:56:24.449033,User logged in
LOG/ACT/2026/056,ADMIN/USR/001,login,2026-09-29T14:01:08.851297,User logged in
LOG/ACT/2026/057,ADMIN/USR/001,login,2026-09-29T14:10:20.882627,User logged in
LOG/ACT/2026/058,ADMIN/USR/001,login,2026-09-29T14:14:14.986517,User logged in
LOG/ACT/2026/059,ADMIN/USR/001,login,2026-09-29T14:17:20.918270,User logged in
LOG/ACT/2026/060,ADMIN/USR/001,login,2026-09-29T14:24:19.518811,User logged in
LOG/ACT/2026/061,ADMIN/USR/001,edit_batch,2026-09-29T14:24:56.919274,Updated batch: GOLDEN PACKAGE
LOG/ACT/2026/062,ADMIN/USR/001,edit_batch,2026-09-29T14:25:05.848805,Updated batch: GOLDEN SHORT
LOG/ACT/2026/063,ADMIN/USR/001,edit_batch,2026-09-29T14:25:15.088106,Updated batch: SILVER PACKAGE
LOG/ACT/2026/064,ADMIN/USR/001,login,2026-09-29T14:32:40.985282,User logged in
LOG/ACT/2026/065,ADMIN/USR/001,login,2026-09-29T14:36:04.852702,User logged in
LOG/ACT/2026/066,ADMIN/USR/001,login,2026-09-29T14:40:43.810763,User logged in
LOG/ACT/2026/067,ADMIN/USR/001,login,2026-09-29T14:49:27.667183,User logged in
LOG/ACT/2026/068,ADMIN/USR/001,login,2026-09-29T14:54:26.921095,User logged in
LOG/ACT/2026/069,ADMIN/USR/001,login,2026-09-29T15:00:30.919647,User logged in
LOG/ACT/2026/070,ADMIN/USR/001,login,2026-09-29T15:07:28.635440,User logged in
LOG/ACT/2026/071,ADMIN/USR/001,login,2026-09-29T15:17:49.468738,User logged in
LOG/ACT/2026/072,ADMIN/USR/001,login,2026-09-29T15:23:40.935204,User logged in
LOG/ACT/2026/073,ADMIN/USR/001,login,2026-09-29T15:30:22.670100,User logged in
LOG/ACT/2026/074,ADMIN/USR/001,login,2026-09-29T15:34:29.886218,User logged in
LOG/ACT/2026/075,ADMIN/USR/001,login,2026-09-29T15:42:16.337755,User logged in
LOG/ACT/2026/076,ADMIN/USR/001,login,2026-09-29T15:51:56.920709,User logged in
LOG/ACT/2026/077,ADMIN/USR/001,login,2026-09-29T15:56:09.569187,User logged in
LOG/ACT/2026/078,ADMIN/USR/001,modify_invoice,2026-09-29T15:57:57.685662,Modified invoice INV-202609-0001
LOG/ACT/2026/079,ADMIN/USR/001,login,2026-09-29T16:03:14.838608,User logged in
LOG/ACT/2026/080,ADMIN/USR/001,login,2026-09-29T16:08:09.503436,User logged in
LOG/ACT/2026/081,ADMIN/USR/001,login,2026-09-29T16:17:35.519226,User logged in
LOG/ACT/2026/082,ADMIN/USR/001,login,2026-09-29T16:24:17.741021,User logged in
LOG/ACT/2026/083,ADMIN/USR/001,login,2026-09-29T16:29:05.089264,User logged in
LOG/ACT/2026/084,ADMIN/USR/001,login,2026-09-29T16:34:29.554967,User logged in
LOG/ACT/2026/085,ADMIN/USR/001,login,2026-09-29T16:45:51.421748,User logged in
LOG/ACT/2026/086,ADMIN/USR/001,login,2026-09-29T16:50:47.453978,User logged in
LOG/ACT/2026/087,ADMIN/USR/001,login,2026-09-29T16:52:48.419556,User logged in
LOG/ACT/2026/088,ADMIN/USR/001,login,2026-09-29T16:55:33.471560,User logged in
LOG/ACT/2026/089,ADMIN/USR/001,login,2026-09-29T16:58:29.353201,User logged in
LOG/ACT/2026/090,ADMIN/USR/001,login,2026-09-29T17:05:07.432709,User logged in
LOG/ACT/2026/091,ADMIN/USR/001,login,2026-09-29T17:09:35.350379,User logged in
LOG/ACT/2026/092,ADMIN/USR/001,login,2026-09-29T17:16:50.202468,User logged in
LOG/ACT/2026/093,ADMIN/USR/001,login,2026-09-29T17:23:46.821966,User logged in
LOG/ACT/2026/094,ADMIN/USR/001,login,2026-09-29T17:30:46.272404,User logged in
LOG/ACT/2026/095,ADMIN/USR/001,login,2026-09-29T17:44:49.605533,User logged in
LOG/ACT/2026/096,ADMIN/USR/001,login,2026-09-29T18:01:05.489648,User logged in
LOG/ACT/2026/097,ADMIN/USR/001,login,2026-09-29T19:02:45.423887,User logged in
LOG/ACT/2026/098,ADMIN/USR/001,login,2026-09-29T19:13:36.997901,User logged in
LOG/ACT/2026/099,ADMIN/USR/001,logout,2026-09-29T19:21:46.224507,User logged out
LOG/ACT/2026/100,ADMIN/USR/001,login,2026-09-30T13:11:08.910465,User logged in
LOG/ACT/2026/101,ADMIN/USR/001,login,2026-09-30T13:16:35.072447,User logged in
LOG/ACT/2026/102,ADMIN/USR/001,login,2026-09-30T13:17:38.555832,User logged in
LOG/ACT/2026/103,ADMIN/USR/001,create_backup,2026-09-30T13:18:18.870076,Created database backup
LOG/ACT/2026/104,ADMIN/USR/001,login,2026-09-30T13:30:14.770893,User logged in
LOG/ACT/2026/105,ADMIN/USR/001,login,2026-09-30T13:33:43.481147,User logged in
LOG/ACT/2026/106,ADMIN/USR/001,create_backup,2026-09-30T13:34:00.915628,Created backup: backup_20260930_133400.zip
LOG/ACT/2026/107,ADMIN/USR/001,login,2026-09-30T13:36:13.454780,User logged in
LOG/ACT/2026/111,ADMIN/USR/001,restore_backup,2026-09-30T13:41:34.277285,Restored from: backup_20260930_133732.zip
LOG/ACT/2026/112,ADMIN/USR/001,delete_backup,2026-09-30T13:41:40.773108,Deleted backup: backup_20260915_193536.zip
LOG/ACT/2026/113,ADMIN/USR/001,delete_backup,2026-09-30T13:41:52.132370,Deleted backup: backup_20260930_131818.zip
LOG/ACT/2026/114,ADMIN/USR/001,delete_backup,2026-09-30T13:42:00.426950,Deleted backup: backup_20260930_133400.zip
LOG/ACT/2026/115,ADMIN/USR/001,delete_backup,2026-09-30T13:42:19.305349,Deleted backup: backup_20260930_133732.zip
LOG/ACT/2026/116,ADMIN/USR/001,create_backup,2026-09-30T13:42:25.573193,Created backup: backup_20260930_134225.zip
LOG/ACT/2026/117,ADMIN/USR/001,add_user,2026-09-30T13:43:24.787984,Added user: kamil
LOG/ACT/2026/118,ADMIN/USR/001,logout,2026-09-30T13:43:40.506253,User logged out
LOG/ACT/2026/119,ADMIN/USR/2026/001,login,2026-09-30T13:43:47.236215,User logged in
LOG/ACT/2026/120,ADMIN/USR/2026/001,add_batch,2026-09-30T13:44:37.493742,Added batch: test
LOG/ACT/2026/121,ADMIN/USR/001,login,2026-09-30T13:50:21.956325,User logged in
LOG/ACT/2026/122,ADMIN/USR/001,delete_batch,2026-09-30T13:50:44.752817,Deleted batch: test
LOG/ACT/2026/123,ADMIN/USR/001,logout,2026-09-30T13:51:22.172646,User logged out
LOG/ACT/2026/124,ADMIN/USR/2026/001,login,2026-09-30T13:51:28.155857,User logged in
LOG/ACT/2026/125,ADMIN/USR/001,login,2026-09-30T14:01:52.173218,User logged in
LOG/ACT/2026/126,ADMIN/USR/001,login,2026-09-30T14:07:16.324921,User logged in
LOG/ACT/2026/127,ADMIN/USR/001,login,2026-09-30T14:25:54.536839,User logged in
LOG/ACT/2026/128,ADMIN/USR/001,login,2026-09-30T14:41:58.341148,User logged in
LOG/ACT/2026/129,ADMIN/USR/001,login,2026-09-30T14:45:19.373678,User logged in
LOG/ACT/2026/130,ADMIN/USR/001,login,2026-09-30T14:51:13.906214,User logged in
LOG/ACT/2026/131,ADMIN/USR/001,login,2026-09-30T14:56:48.573546,User logged in
LOG/ACT/2026/132,ADMIN/USR/001,login,2026-09-30T15:12:33.059171,User logged in
LOG/ACT/2026/133,ADMIN/USR/001,login,2026-09-30T15:23:28.591378,User logged in
LOG/ACT/2026/134,ADMIN/USR/001,login,2026-09-30T15:30:38.524103,User logged in
LOG/ACT/2026/135,ADMIN/USR/001,login,2026-09-30T15:34:21.676380,User logged in
LOG/ACT/2026/136,ADMIN/USR/001,login,2026-09-30T15:39:03.140787,User logged in
LOG/ACT/2026/137,ADMIN/USR/001,logout,2026-09-30T15:44:32.658974,User logged out
LOG/ACT/2026/138,ADMIN/USR/001,login,2026-09-30T15:45:49.253690,User logged in
LOG/ACT/2026/139,ADMIN/USR/001,logout,2026-09-30T15:46:20.540353,User logged out
LOG/ACT/2026/140,ADMIN/USR/001,login,2026-09-30T15:46:43.708863,User logged in
LOG/ACT/2026/141,ADMIN/USR/001,login,2026-09-30T15:57:42.601757,User logged in
