id,receipt_no,payment_id,invoice_id,amount,receipt_date,notes
HAJ/REC/2027/040,REC-202609-0001,HAJ/PAY/2027/002,,200000.0,2026-09-18T17:21:54.617169,HAJ2027_ADVANCE
HAJ/REC/2027/041,REC-202609-0002,HAJ/PAY/2027/003,,200000.0,2026-09-18T17:22:03.416956,HAJ ADVANCE
HAJ/REC/2027/042,REC-202609-0003,HAJ/PAY/2027/004,,200000.0,2026-09-18T17:22:06.848981,Haj Advance
HAJ/REC/2027/043,REC-202609-0004,HAJ/PAY/2027/005,,75000.0,2026-09-18T17:22:09.553319,Haj Advance
HAJ/REC/2027/044,REC-202609-0005,HAJ/PAY/2027/006,,125000.0,2026-09-18T17:22:47.144947,Haj Advance
HAJ/REC/2027/045,REC-202609-0006,HAJ/PAY/2027/009,,50000.0,2026-09-18T17:22:49.696837,H/SL30148/27
HAJ/REC/2027/046,REC-202609-0007,HAJ/PAY/2027/010,,150000.0,2026-09-18T17:22:52.576940,H/SL30248/27
HAJ/REC/2027/047,REC-202609-0008,HAJ/PAY/2027/011,,200000.0,2026-09-18T17:22:55.153160,H/SL30248/27
HAJ/REC/2027/048,REC-202609-0009,HAJ/PAY/2027/012,,200000.0,2026-09-18T17:22:57.696939,H/SL30348/27
HAJ/REC/2027/049,REC-202609-0010,HAJ/PAY/2027/013,,200000.0,2026-09-18T17:23:00.352934,H/SL30448/27
HAJ/REC/2027/050,REC-202609-0011,HAJ/PAY/2027/014,,200000.0,2026-09-18T17:23:02.904931,H/SL30548/27
HAJ/REC/2027/051,REC-202609-0012,HAJ/PAY/2027/015,,200000.0,2026-09-18T17:23:05.384931,H/SL30648/27
HAJ/REC/2027/052,REC-202609-0013,HAJ/PAY/2027/016,,25000.0,2026-09-18T17:23:07.640927,H/GL10448/27
HAJ/REC/2027/053,REC-202609-0014,HAJ/PAY/2027/017,,25000.0,2026-09-18T17:23:09.936926,H/GL10548/27
HAJ/REC/2027/054,REC-202609-0015,HAJ/PAY/2027/018,,400000.0,2026-09-18T17:23:15.208920,H/GL10648/27
HAJ/REC/2027/055,REC-202609-0016,HAJ/PAY/2027/020,,200000.0,2026-09-18T17:23:18.176917,H/GL10848/27
HAJ/REC/2027/056,REC-202609-0017,HAJ/PAY/2027/021,,200000.0,2026-09-18T17:23:20.800915,H/GL10948/27
HAJ/REC/2027/057,REC-202609-0018,HAJ/PAY/2027/022,,200000.0,2026-09-18T17:23:23.369110,H/GS20548/27
HAJ/REC/2027/058,REC-202609-0019,HAJ/PAY/2027/023,,200000.0,2026-09-18T17:23:27.824909,H/GS20648/27
HAJ/REC/2027/059,REC-202609-0020,HAJ/PAY/2027/024,,200000.0,2026-09-18T17:23:30.400910,H/GS20448/27
HAJ/REC/2027/060,REC-202609-0021,HAJ/PAY/2027/025,,200000.0,2026-09-18T17:23:32.696904,H/GS20848/27
HAJ/REC/2027/061,REC-202609-0022,HAJ/PAY/2027/026,,200000.0,2026-09-18T17:23:35.440907,H/GS20948/27
HAJ/REC/2027/062,REC-202609-0023,HAJ/PAY/2027/027,,200000.0,2026-09-18T17:23:37.889129,H/GS20748/27
HAJ/REC/2027/063,REC-202609-0024,HAJ/PAY/2027/028,,200000.0,2026-09-18T17:23:40.264899,H/GL11048/27
HAJ/REC/2027/064,REC-202609-0025,HAJ/PAY/2027/029,,100000.0,2026-09-18T17:23:43.056899,H/GL11148/27
HAJ/REC/2027/065,REC-202609-0026,HAJ/PAY/2027/030,,100000.0,2026-09-18T17:23:45.416898,H/GL11148/27
HAJ/REC/2027/066,REC-202609-0027,HAJ/PAY/2027/031,,100.0,2026-09-18T17:23:48.248895,H/GS20248/27
HAJ/REC/2027/067,REC-202609-0028,HAJ/PAY/2027/032,,199900.0,2026-09-18T17:23:51.144889,H/GS20248/27
HAJ/REC/2027/068,REC-202609-0029,HAJ/PAY/2027/033,,200000.0,2026-09-18T17:23:54.016966,H/GS20348/27
HAJ/REC/2027/069,REC-202609-0030,HAJ/PAY/2027/034,,200000.0,2026-09-18T17:23:57.528886,H/GS21048/27
HAJ/REC/2027/070,REC-202609-0031,HAJ/PAY/2027/035,,200000.0,2026-09-18T17:24:00.344881,H/GS21148/27
HAJ/REC/2027/071,REC-202609-0032,HAJ/PAY/2027/037,,200000.0,2026-09-19T13:47:53.052384,h/gl11248/27
HAJ/REC/2027/072,REC-202609-0033,HAJ/PAY/2027/038,,500000.0,2026-09-19T13:48:56.490596,H/GL10748/27
HAJ/REC/2027/073,REC-202609-0034,HAJ/PAY/2027/039,,330999.0,2026-09-19T13:52:10.450232,Balance 370000 including tax received
HAJ/REC/2027/074,REC-202609-0035,HAJ/PAY/2027/040,,200000.0,2026-09-19T15:06:27.304820,H/GL10148/27
HAJ/REC/2027/075,REC-202609-0036,HAJ/PAY/2027/041,,200000.0,2026-09-19T15:07:25.447270,H/GL10148/27
HAJ/REC/2027/076,REC-202609-0037,HAJ/PAY/2027/042,,230999.0,2026-09-19T15:08:30.687518,H/GL10148/27
HAJ/REC/2027/077,REC-202609-0038,HAJ/PAY/2027/043,,200000.0,2026-09-19T15:12:47.655582,H/GL11448/27
HAJ/REC/2027/078,REC-202609-0039,HAJ/PAY/2027/044,,140000.0,2026-09-22T15:31:20.832986,H/GL11548/27
