#,ID,First Name,Last Name,Passport Name,Gender,Date of Birth,Batch ID,Batch Name,Passport Number,Passport Issue Date,Passport Expiry Date,Passport Status,Mobile,Email,Aadhaar,PAN,Aadhaar-PAN Linked,Vaccine Status,Wheelchair,Place of Birth,Place of Issue,Passport Address,Mailing Address,Father Name,Mother Name,Spouse Name,Expected Return Date,File Reference,PIN,Emergency Contact,Emergency Phone,Medical Notes
1,HAJ/TRV/2027/002,MEERA SAHIB,RIYAS,MEERA SAHIB RIYAS,Male,1981-07-01,HAJ/BCH/2027/001,GOLDEN PACKAGE,W5844883,2022-10-14,2032-10-14,Active,9884033192,anas02042009@gmail.com,218351772754,ALGPR9758M,Yes,Partially Vaccinated,No,UDANKUDI,CHENNAI,"21/6, P M DHARGA 6TH STREET, TRIPLICANE, CHENNAI - 600005","21/6, P M DHARGA 6TH STREET, TRIPLICANE, CHENNAI - 600005",MEERA SAHIB,RAGUMATH NISHA,FATHIMA HAJAR,2027-05-21,H/GL10148/27,0,FATHIMA HAJAR,9841186164.0,REF: FAIZER BAI
2,HAJ/TRV/2027/004,ANVAR BASHA,ARSHIYA,ANVAR BASHA ARSHIYA,Female,1990-12-30,HAJ/BCH/2027/001,GOLDEN PACKAGE,AG291744,2025-08-26,2035-08-31,Active,9488475594,arshiyaanwar10@gmail.com,367557522813,BBUPA2261F,Yes,Not Vaccinated,Yes,NEYVELI,CHENNAI,"12 A, B MANIYARI STREET, TIRUVANNAMALAI - 606601","12 A, B MANIYARI STREET, TIRUVANNAMALAI - 606601",ANVAR BASHA,AYESHA,,2027-05-21,H/GL10348/27,0,AYESHA,9486986168.0,NEYVELI BAI
3,HAJ/TRV/2027/006,THAJUDEEN,NAZIBUDEEN,THAJUDEEN NAZIBUDEEN,Male,1963-01-09,HAJ/BCH/2027/001,GOLDEN PACKAGE,AA816401,2025-04-24,2035-04-23,Active,8877997289,nazibudeen@gmail.com,639216058375,ACFPN3820J,Yes,Not Vaccinated,Yes,PUNGANUR,CHENNAI,"ONO.42, NNO. 103 4TH MAIN ROAD, GANDHI NAGAR, ADYAR, CHENNAI - 600020","ONO.42, NNO. 103 4TH MAIN ROAD, GANDHI NAGAR, ADYAR, CHENNAI - 600020",THAJUDEEN,HUMAIRA,NOORUL FARZANA,2027-05-21,H/GL10448/27,0,HAFIJUTHEEN . N,7092526565.0,REF . DXB IQBAL
4,HAJ/TRV/2027/007,NAZIBUDEEN,NOORUL FARZANA,NAZIBUDEEN NOORUL FARZANA,Female,1975-04-15,HAJ/BCH/2027/001,GOLDEN PACKAGE,v1291689,2021-06-30,2031-06-30,Active,8877997289,nazibudeen@gmail.com,478599589617,BFFPN2109J,Yes,Not Vaccinated,Yes,PUNGANOOR,CHENNAI,"42/103, 4TH MAIN ROAD, GANDHI NAGAR, ADYAR, CHENNAI -600020","42/103, 4TH MAIN ROAD, GANDHI NAGAR, ADYAR, CHENNAI -600020",ABDUL FATTAH,NASEERA SULTANA,NAZIBUDEEN THAJUDEEN,2027-05-21,H/GL10548/27,0,HAFIJUTHEEN,7092526565.0,
5,HAJ/TRV/2027/008,KAMALDEEN,RASHEED,KAMALDEEN RASHEED,Male,1975-02-12,HAJ/BCH/2027/001,GOLDEN PACKAGE,AD505422,2025-06-16,2035-06-15,Active,9841320342,rashrasheed64@gmail.com,902963767352,ALLPK5459M,Yes,Booster,No,POOVAI NAGAR,CHENNAI,"OLDNO.282, NNO.625, CLV NAGAR, 3RD SREET,KANATHUR, CHENNAI-603112","OLDNO.282, NNO.625, CLV NAGAR, 3RD SREET,KANATHUR, CHENNAI-603112",KAMAL DEEN,AMEENA BEVE,BEEMA PARVEEN,2027-05-21,H/GL10648/27,0,MOHAMED YASIR,9940614414.0,
6,HAJ/TRV/2027/009,RASHEED,BEEMA PARVEEN,RASHEED BEEMA PARVEEN,Female,1979-01-25,HAJ/BCH/2027/001,GOLDEN PACKAGE,AD505429,2025-06-16,2035-06-15,Active,9444813342,parveenrasheed25@gmail.com,561669090223,,No,Not Vaccinated,No,COIMBATORE,CHENNAI,"OLDNO.282, NNO 625, CLV NAGAR, 3RD STREET, KANATHUR, CHENNAI -603112","OLDNO.282, NNO 625, CLV NAGAR, 3RD STREET, KANATHUR, CHENNAI -603112",MOHAMED HUSSAIN,TAJUNNISA,RASHEED,2027-05-21,H/GL10748/27,0,MOHAMMED YASIR,9940614414.0,
7,HAJ/TRV/2027/010,SHAIK ABDUL KADER,HAMEED ABDUL KADER,SHAIK ABDUL KADER HAMEED ABDUL KADER,Male,1976-03-26,HAJ/BCH/2027/001,GOLDEN PACKAGE,Z6240918,2021-09-22,2031-09-21,Active,9003064786,hameed@kalima.in,282366644888,AAZPH3007M,Yes,Not Vaccinated,No,PARANGIPETTAI,CHENNAI,"U-1004, THE METROZONE, 44, PILLAIYAR KOIL STREET, J.N. SALAI, ANNA NAGAR WEST, CHENNAI -600040","U-1004, THE METROZONE, 44, PILLAIYAR KOIL STREET, J.N. SALAI, ANNA NAGAR WEST, CHENNAI -600040",SHAIK ABDUL KADER,FATHIMA BEEVI,SHAKAR BANU,2027-05-21,H/GL10848/27,0,Abdur rahman,9176144274.0,
8,HAJ/TRV/2027/011,HAMEED ABDUL KADER,SHAHAR BANU,HAMEED ABDUL KADER SHAHAR BANU,Female,1980-03-23,HAJ/BCH/2027/001,GOLDEN PACKAGE,V6770428,2022-02-08,2032-02-08,Active,9003064786,,357086122117,ANLPB3417E,Yes,Not Vaccinated,No,PARANGIPETTAI,CHENNAI,"U-1004, THE METROZONE, 44, PILLAIYAR KOIL STREER, J.N. SALAI, ANNA NAGAR WEST, CHENNAI - 600040","U-1004, THE METROZONE, 44, PILLAIYAR KOIL STREER, J.N. SALAI, ANNA NAGAR WEST, CHENNAI - 600040",KADER ALI,UMMA SALMA,HAMEED ABDUL KADER,2027-05-21,H/GL10948/27,0,Abdur rahman,9176144274.0,
9,HAJ/TRV/2027/012,MOHAMED RAFEEK,SYED ABUTHAHIR,MOHAMED RAFEEK SYED ABUTHAHIR,Male,1985-11-28,HAJ/BCH/2027/002,GOLDEN SHORT,Y7187613,2023-08-08,2033-08-07,Active,+66 95 790 7101,abuthahir2785@gmail.com,789182182181,EJNPA4169N,Yes,Not Vaccinated,No,THONDI,MADURAI,"7/1, MOHAMED ABDUL KADER STREET, THONDI, THIRUVADANAI TK, RAMANATHAPURAM - 623409","7/1, MOHAMED ABDUL KADER STREET, THONDI, THIRUVADANAI TK, RAMANATHAPURAM - 623409",MOHAMED RAFEEK,SITHI MASOODHA,,2027-05-26,H/GS20148/27,0,SITHI MASOODHA,8015441071.0,
10,HAJ/TRV/2027/014,SUHAIL,AHMED KABEER,SUHAIL AHMED KABEER,Male,1985-07-03,HAJ/BCH/2027/002,GOLDEN SHORT,Z5299337,2019-02-27,2029-02-26,Active,+65 8590 0849,ssuhaill@gmail.com,288649589222,AVMPS5500N,Yes,Not Vaccinated,No,CHENNAI,SINGAPORE,"1/13, AVENUE ROAD, NUNGAMBAKKAM, CHENNAI -600034","1/13, AVENUE ROAD, NUNGAMBAKKAM, CHENNAI -600034",NOORUL AMEEN,NISVATHUL JENNA,MARIAM SHIRAFIA,2027-05-26,H/GS20248/27,0,NOORUL AMEEN,9176199572.0,
11,HAJ/TRV/2027/015,SATHAKATHUL HAMEED,MARIAM SHIRAFIA,SATHAKATHUL HAMEED MARIAM SHIRAFIA,Female,1985-07-15,HAJ/BCH/2027/002,GOLDEN SHORT,V6139740,2021-04-15,2031-04-14,Active,+6583482632,mariam.shirafia@gmail.com,581927193710,BCXPM4583L,Yes,Not Vaccinated,No,CHENNAI,SINGAPORE,"NO.20A, NAGESWARA ROAD, NUNGAMBAKKAM, CHENNAI -600034","NO.20A, NAGESWARA ROAD, NUNGAMBAKKAM, CHENNAI -600034",SATHAKATHUL HAMEED,HAMEED AYSHA,SUHAIL AHMED KABEER,2027-05-26,H/GS20348/27,0,NOORUL AMEEN,9176199572.0,
12,HAJ/TRV/2027/016,MUHAMMED KASIM,AYESHA,MUHAMMED KASIM AYESHA,Female,1967-05-20,HAJ/BCH/2027/001,GOLDEN PACKAGE,AH467006,2025-10-03,2035-10-02,Active,9487239969,arshiyaanwar@gmail.com,659728331928,AUWPA3824G,Yes,Not Vaccinated,No,NEYVELI,CHENNAI,"12A, B MANIYARI STREET, TIRUVANNAMALAI - 606601","12A, B MANIYARI STREET, TIRUVANNAMALAI - 606601",MUHAMMED KASIM,ZAIBUNNISA,ANVARBASHA,2027-05-21,H/GL10248/27,0,ARSHIYA,8610118050.0,NEYVELI BAI REF
13,HAJ/TRV/2027/017,ABBAS MARICAR,HAJA HASSAN,ABBAS MARICAR HAJA HASSAN,Male,1980-11-18,HAJ/BCH/2027/001,GOLDEN PACKAGE,C5699524,2025-06-04,2035-06-03,Active,+65 9777 2726,hajahassan995@gmail.com,273146970714,ACGPH5411G,Yes,Not Vaccinated,No,SALEM,SINGAPORE,"44/23, BIG STREET, PARANGIPETTAI , CUDDALORE - 608502","44/23, BIG STREET, PARANGIPETTAI , CUDDALORE - 608502",ABBAS MARICAR,HAMEEDAUNISA,K MOHIDEEN NACHIAR,2027-05-21,H/GL11048/27,0,ABDUR RAHMAN,9176144274.0,
14,HAJ/TRV/2027/018,KADER ALI MARICAR,MOHIDEEN NACHIAR,KADER ALI MARICAR MOHIDEEN NACHIAR,Female,1986-05-22,HAJ/BCH/2027/001,GOLDEN PACKAGE,T27323386,2019-03-12,2029-03-11,Active,+6580341038,hajahassan995@gmail.com,893627944988,BSJPM0686E,No,Not Vaccinated,No,CUDDALORE,CHENNAI,"NO.3, SANARA MUDUKKU , PARANGIPETTAI, CUDDALORE - 608502","NO.3, SANARA MUDUKKU , PARANGIPETTAI, CUDDALORE - 608502",KADER ALI MARICAR,UMMA SALMA,ABBAS MARICAR HAJA HASSAN,2027-05-21,H/GL11148/27,0,ABDUR RAHMAN,9176144274.0,
15,HAJ/TRV/2027/019,YACOOB,MOHAMED RAFI,YACOOB MOHAMED RAFI,Male,1983-02-17,HAJ/BCH/2027/002,GOLDEN SHORT,C2201788,2024-09-10,2034-09-09,Active,9841809084,,680812728614,AZDPR2184E,Yes,Not Vaccinated,No,CHENNAI,CHENNAI,"NO.26/11, AZEEZ MOHAMED GHOUSE STREET, OLD WASHERMENPET, CHENNAI -600021","NO.26/11, AZEEZ MOHAMED GHOUSE STREET, OLD WASHERMENPET, CHENNAI -600021",MOHAMED YACOOB,NAZEERA BEE,FEROZA,2027-05-26,H/GS20448/27,0,,,
16,HAJ/TRV/2027/020,RAFI,FEROZA,RAFI FEROZA,Female,1992-09-15,HAJ/BCH/2027/002,GOLDEN SHORT,C7147527,2025-01-02,2035-01-01,Active,8838285750,,648071147738,AEHPF3224l,Yes,Not Vaccinated,No,CHENNAI,CHENNAI,"NO.26/11, AZEEZ MOHAMED GHOUSE STREET, OLD WASHERMENPET, CHENNAI -600021","NO.26/11, AZEEZ MOHAMED GHOUSE STREET, OLD WASHERMENPET, CHENNAI -600021",KHADAR BASHA,CHANMA,MOHAMED RAFI,2027-05-26,H/GS20548/27,0,,,
17,HAJ/TRV/2027/021,YACOOB,NAZEERA BEE,YACOOB NAZEERA BEE,Female,1960-03-10,HAJ/BCH/2027/002,GOLDEN SHORT,B6480245,2023-10-23,2033-10-22,Active,9841809084,,405291514443,BWKPN6837R,Yes,Not Vaccinated,No,CHENNAI,CHENNAI,"26/11, AZEES MOHAMMED GHOUSE STREET, OLD WASHERMENPET, CHENNAI - 600021","26/11, AZEES MOHAMMED GHOUSE STREET, OLD WASHERMENPET, CHENNAI - 600021",ALLAH BAKASH,BANU BEE,MOHAMED YACOOB,2027-05-26,H/GS20648/27,0,,,
18,HAJ/TRV/2027/022,RAFI,MOHAMMED IMTIAZ,RAFI MOHAMMED IMTIAZ,Male,2007-09-29,HAJ/BCH/2027/002,GOLDEN SHORT,C7146151,2025-01-01,2034-12-31,Active,6385312367,rmdimtiaz56@gmail.com,217622529181,KCYPM7396M,Yes,Not Vaccinated,No,CHENNAI,CHENNAI,"NO.26/11, AZEEZ MOHAMED GHOUSE STREET, OLD WASHERMENPET, CHENNAI - 600021","NO.26/11, AZEEZ MOHAMED GHOUSE STREET, OLD WASHERMENPET, CHENNAI - 600021",MOHAMED RAFI,FEROZA,,2027-05-26,H/GS20748/27,0,,,
19,HAJ/TRV/2027/023,RAFI,MOHAMMED RAIHAAN,RAFI MOHAMMED RAIHAAN,Male,2010-03-08,HAJ/BCH/2027/002,GOLDEN SHORT,C7139412,2024-12-27,2028-03-07,Active,8438585750,,846275491490,,No,Not Vaccinated,No,CHENNAI,CHENNAI,"NO.26/11, AZEEZ MOHAMED GHOUSE STREET, OLD WASHERMENPET, CHENNAI - 600021","NO.26/11, AZEEZ MOHAMED GHOUSE STREET, OLD WASHERMENPET, CHENNAI - 600021",MOHAMED RAFI,FEROZA,,2027-05-26,H/GS20848/27,0,,,
20,HAJ/TRV/2027/024,RAFI,MOHAMMED FARHAAN,RAFI MOHAMMED FARHAAN,Male,2015-11-18,HAJ/BCH/2027/002,GOLDEN SHORT,C7145730,2025-01-01,2029-12-31,Active,9841809084,,265472008937,,No,Not Vaccinated,No,CHENNAI,CHENNAI,"NO.26/11, AZEEZ MOHAMED GHOUSE STREET, OLD WASHERMENPET, CHENNAI - 600021","NO.26/11, AZEEZ MOHAMED GHOUSE STREET, OLD WASHERMENPET, CHENNAI - 600021",MOHAMED RAFI,FEROZA,,2027-05-26,H/GS20948/27,0,,,
21,HAJ/TRV/2027/025,MOHAMMED SHERFUDEEN,IDRIS,MOHAMMED SHERFUDEEN IDRIS,Male,1981-03-01,HAJ/BCH/2027/003,SILVER PACKAGE,Y2013054,2024-04-25,2034-04-24,Active,7339158363,iniyan-che@yahoo.co.in,890019717208,AAMPI9658Q,Yes,Not Vaccinated,No,TRICHY,COIMBATORE,"NO.95, PANDIYARAJAN STREET, SALEM - 636001","NO.95, PANDIYARAJAN STREET, SALEM - 636001",MOHAMMED SHERFUDEEN,RAMEEJA BI,SALEENA,2027-06-13,H/SL30148/27,0,,,
22,HAJ/TRV/2027/026,AHAMED BASHEER,SALEENA,AHAMED BASHEER SALEENA,Female,1985-10-09,HAJ/BCH/2027/003,SILVER PACKAGE,Y2013051,2024-04-25,2034-04-24,Active,9943314688,iniyan-che@yahoo.co.in,446396887515,DPEPS2289B,Yes,Not Vaccinated,No,COIMBATORE,COIMBATORE,"NO.95, PANDIYARAJAN STREET, SALEM - 636001","NO.95, PANDIYARAJAN STREET, SALEM - 636001",AHAMED BASHEER SULAIMAN,SHAKILA BANU AHAMED BASHEER,IDRIS MOHAMMED SHERFUDEEN,2027-06-13,H/SL30248/27,0,AHAMED BASHEER,9843014688.0,
23,HAJ/TRV/2027/027,IDRIS,MARIAM HASNA,IDRIS MARIAM HASNA,Female,2009-03-09,HAJ/BCH/2027/003,SILVER PACKAGE,Y2011960,2024-04-23,2034-04-22,Active,9944344958,iniyan-che@yahoo.co.in,712330097674,,No,Not Vaccinated,No,COIMBATORE,COIMBATORE,"NO.95, PANDIYARAJAN STREET, SALEM - 636001","NO.95, PANDIYARAJAN STREET, SALEM - 636001",IDRIS MOHAMMED SHERFUDEEN,SALEENA AHAMED BASHEER,,2027-06-13,H/SL30348/27,0,,,
24,HAJ/TRV/2027/028,IDRIS,MOHAMED HARITH,IDRIS MOHAMED HARITH,Male,2012-04-10,HAJ/BCH/2027/003,SILVER PACKAGE,Y2011959,2024-04-23,2029-04-22,Active,9363310965,iniyan-che@yahoo.co.in,545433629833,,No,Not Vaccinated,No,COIMBATORE,COIMBATORE,"NO.95, PANDIYARAJAN STREET, SALEM - 636001","NO.95, PANDIYARAJAN STREET, SALEM - 636001",IDRIS MOHAMMED SHERFUDEEN,SALEENA AHAMED BASHEER,,2027-06-13,H/SL30448/27,0,AHAMED BASHEER,9843014688.0,
25,HAJ/TRV/2027/029,MOHAMEDHANIFA,KAJAMOHIDEEN,MOHAMEDHANIFA KAJAMOHIDEEN,Male,1956-10-02,HAJ/BCH/2027/003,SILVER PACKAGE,T4603838,2019-03-18,2029-03-17,Active,9994535117,rafeeq51.islam@gmail.com,522572081874,ARCPK1117H,Pending,Booster,No,ARAVAKRICHI,TRICHY,"NO.89AB2, NNO.91, DHARKA STREET, ARAVAKURICHI PO, KARUR- 639201","NO.89AB2, NNO.91, DHARKA STREET, ARAVAKURICHI PO, KARUR- 639201",MOHAMEDHANIFA,HABIBUNISHA,AYSIYA BEGAM,2027-06-13,H/SL30548/27,0,,,
26,HAJ/TRV/2027/030,KAJAMAYTHIN,ASIYAMMAL,KAJAMAYTHIN ASIYAMMAL,Female,1965-05-06,HAJ/BCH/2027/003,SILVER PACKAGE,XXXX,2017-08-22,2027-08-21,Active,9994535117,rafeeq510.islam@gmail.com,612263102877,GKRPA6918J,No,Not Vaccinated,No,,,,,,,,2027-06-13,,0,AARIFA,8105286575.0,
27,HAJ/TRV/2027/031,KADER MOHIDEEN,SHAIK MEERAN,KADER MOHIDEEN SHAIK MEERAN,Male,1987-01-21,HAJ/BCH/2027/002,GOLDEN SHORT,U3182267,2020-02-06,2030-02-05,Active,9600002985,shaikmeeran15@gmail.com,669320619200,DJHPS5188A,Yes,Not Vaccinated,No,NAGERCOIL,CHENNAI,"7,2ND MAIN ROAD, SADIQ BASHA NAGAR, VIRUGAMBAKKAM, CHENNAI - 600092","NNO.8, ONO.14, PLOT NO.22, MOSQUE STREET, SADIQ BASHA NAGAR, ALWARTHIRUNAGAR, CHENNAI - 600087",KADER MOHIDEEN,REGINA KADER,,2027-05-26,H/GS21048/27,0,,,
28,HAJ/TRV/2027/032,SHAIK MEERAN,FATHIMA RUKSHANA,SHAIK MEERAN FATHIMA RUKSHANA,Female,1996-05-15,HAJ/BCH/2027/002,GOLDEN SHORT,Y3572537,2024-06-13,2034-06-12,Active,9159436230,rukshana151996@gmail.com,923418751900,AFEPF6843D,Yes,Not Vaccinated,No,NAGERCOIL,CHENNAI,"NNO.8, ONNO.14, PLOT NO 22, MOSQUE STREET, SADHIK BASHA NGR, ALWARTHIRUNAGAR, CHENNAI - 600087","NNO.8, ONNO.14, PLOT NO 22, MOSQUE STREET, SADHIK BASHA NGR, ALWARTHIRUNAGAR, CHENNAI - 600087",MEERA SAHIB,MUTHU KATHIJA,SHAIK MEERAN,2027-05-26,H/GS21148/27,0,,,
29,HAJ/TRV/2027/033,AHAMED MOHIDEEN,NAZEEM BANU,AHAMED MOHIDEEN NAZEEM BANU,Female,1968-11-27,HAJ/BCH/2027/001,GOLDEN PACKAGE,B7087966,2023-11-09,2033-11-08,Active,9500088808,fayzahm@gmail.com,367649127057,BDFPN8367L,Yes,Not Vaccinated,No,CHENNAI,CHENNAI,"2A, A3 GROUND FLOOR, MAHALAKSHMI  APARTMENT, ADAMBAKKAM, CHENNAI -600088","2A, A3 GROUND FLOOR, MAHALAKSHMI  APARTMENT, ADAMBAKKAM, CHENNAI -600088",K M S SALAHUDDIN,ZUBAIDHA,AHAMED MOHIDEEN,2027-05-23,H/GL11248/27,0,FAYAZ AHMED A,9500088808.0,
30,HAJ/TRV/2027/034,KUTHUBUDEEN,HASAN SADHALI,KUTHUBUDEEN HASAN SADHALI,Male,1970-05-18,HAJ/BCH/2027/001,GOLDEN PACKAGE,U8785610,2023-03-23,2033-03-22,Active,9449844400,arsathh08@gmail.com,698615802395,ABTPH7768N,No,Not Vaccinated,No,MAYAKULAM,COIMBATORE,"15, CHAIRMAN RATHINASAMY STREET, SHEVAPET, SALEM - 636002","788, NEW LUCKY MALIGAI, SHEVAPET, SALEM - 636002",KUTHUBUDEEN,SEENI IBRAHIM UMMAL,VAHITHA BANU,2027-05-23,H/GL11348/27,0,MOHAMED ARSATH,9514444700.0,
31,HAJ/TRV/2027/035,HASAN SHADALI,VAHITHA BANU,HASAN SHADALI VAHITHA BANU,Female,1972-02-20,HAJ/BCH/2027/001,GOLDEN PACKAGE,z7433819,2023-11-20,2033-11-19,Active,9659408833,arsathh08@gmail.com,482303890734,BJFPV0395C,Yes,Not Vaccinated,No,RAMANATHAPURAM,COIMBATORE,"15, CHAIRMAN RATHINASAMY STREET, SHEVAPET, SALEM -636002","788, NEW LUCKY MALIGAI, SHEVAPET, SALEM - 636002",NAHEEM,SITHI MALLIKA,HASAN SHADALI,2027-05-23,H/GL11448/27,0,MOHAMMED ARSATH,9514444700.0,
